trip_id,arrival_time,departure_time,stop_id,stop_sequence
5010_00_10,00:10:00,00:10:00,14153,0
5010_00_10,00:10:23,00:10:23,14154,1
5010_00_10,00:11:55,00:11:55,13451,2
5010_00_10,00:13:04,00:13:04,13452,3
5010_00_10,00:15:42,00:15:42,14155,4
5010_00_10,00:17:16,00:17:16,14156,5
5010_00_10,00:18:46,00:18:46,14157,6
5010_00_10,00:22:15,00:22:15,14158,7
5010_00_10,00:24:03,00:24:03,13365,8
5010_00_10,00:25:18,00:25:18,14159,9
5010_00_10,00:27:35,00:27:35,10811,10
5010_00_10,00:28:03,00:28:03,10812,11
5010_00_10,00:29:58,00:29:58,14160,12
5010_00_10,00:32:21,00:32:21,14161,13
5010_00_10,00:34:01,00:34:01,10815,14
5010_00_10,00:36:08,00:36:08,10816,15
5010_00_10,00:38:48,00:38:48,11215,16
5010_00_10,00:42:03,00:42:03,14162,17
5010_00_10,00:42:42,00:42:42,11217,18
5010_00_10,00:44:20,00:44:20,11218,19
5010_00_10,00:47:45,00:47:45,14163,20
5010_00_10,00:48:43,00:48:43,10440,21
5010_00_10,00:50:55,00:50:55,10441,22
5010_00_10,00:53:29,00:53:29,10442,23
5010_00_10,00:55:05,00:55:05,10443,24
5010_00_10,00:56:55,00:56:55,10444,25
5010_00_10,00:58:06,00:58:06,12195,26
5010_00_10,01:00:25,01:00:25,14164,27
5010_00_10,01:03:11,01:03:11,12197,28
5010_00_10,01:04:12,01:04:12,12198,29
5010_00_10,01:07:21,01:07:21,12199,30
5010_00_10,01:11:29,01:11:29,10308,31
5010_00_10,01:14:40,01:14:40,14062,32
5010_00_10,01:16:41,01:16:41,13065,33
5010_00_10,01:18:50,01:18:50,13066,34
5010_00_10,01:21:16,01:21:16,13067,35
5010_00_10,01:22:49,01:22:49,13068,36
5010_00_10,01:24:34,01:24:34,14063,37
5010_00_10,01:30:53,01:30:53,14064,38
5010_00_10,01:34:29,01:34:29,14065,39
5010_00_10,01:37:25,01:37:25,14066,40
5010_00_10,01:38:11,01:38:11,14088,41
5010_00_10,01:39:59,01:39:59,14136,42
5010_00_10,01:43:12,01:43:12,14165,43
5010_00_10,01:43:40,01:43:40,14166,44
5010_00_10,01:45:30,01:45:30,14167,45
5010_00_10,01:46:02,01:46:02,14168,46
5010_00_10,01:48:55,01:48:55,14169,47
5010_00_10,01:50:46,01:50:46,14170,48
5010_00_10,01:53:31,01:53:31,14147,49
5010_00_10,01:54:14,01:54:14,14128,50
5010_00_10,01:57:05,01:57:05,14171,51
5010_00_10,01:57:53,01:57:53,14145,52
5010_00_10,02:00:11,02:00:11,14144,53
5010_00_10,02:02:14,02:02:14,14143,54
5010_00_10,02:03:28,02:03:28,14125,55
5010_00_10,02:04:44,02:04:44,14142,56
5010_00_10,02:05:08,02:05:08,14172,57
5010_00_10,02:06:51,02:06:51,14173,58
5010_00_10,02:07:27,02:07:27,14174,59
5010_00_10,02:10:48,02:10:48,14175,60
5010_00_10,02:11:23,02:11:23,14176,61
5010_00_10,02:13:40,02:13:40,14177,62
5010_12_05,12:05:00,12:05:00,14153,0
5010_12_05,12:05:23,12:05:23,14154,1
5010_12_05,12:06:55,12:06:55,13451,2
5010_12_05,12:08:04,12:08:04,13452,3
5010_12_05,12:10:42,12:10:42,14155,4
5010_12_05,12:12:16,12:12:16,14156,5
5010_12_05,12:13:46,12:13:46,14157,6
5010_12_05,12:17:15,12:17:15,14158,7
5010_12_05,12:19:03,12:19:03,13365,8
5010_12_05,12:20:18,12:20:18,14159,9
5010_12_05,12:22:35,12:22:35,10811,10
5010_12_05,12:23:03,12:23:03,10812,11
5010_12_05,12:24:58,12:24:58,14160,12
5010_12_05,12:27:21,12:27:21,14161,13
5010_12_05,12:29:01,12:29:01,10815,14
5010_12_05,12:31:08,12:31:08,10816,15
5010_12_05,12:33:48,12:33:48,11215,16
5010_12_05,12:37:03,12:37:03,14162,17
5010_12_05,12:37:42,12:37:42,11217,18
5010_12_05,12:39:20,12:39:20,11218,19
5010_12_05,12:42:45,12:42:45,14163,20
5010_12_05,12:43:43,12:43:43,10440,21
5010_12_05,12:45:55,12:45:55,10441,22
5010_12_05,12:48:29,12:48:29,10442,23
5010_12_05,12:50:05,12:50:05,10443,24
5010_12_05,12:51:55,12:51:55,10444,25
5010_12_05,12:53:06,12:53:06,12195,26
5010_12_05,12:55:25,12:55:25,14164,27
5010_12_05,12:58:11,12:58:11,12197,28
5010_12_05,12:59:12,12:59:12,12198,29
5010_12_05,13:02:21,13:02:21,12199,30
5010_12_05,13:06:29,13:06:29,10308,31
5010_12_05,13:09:40,13:09:40,14062,32
5010_12_05,13:11:41,13:11:41,13065,33
5010_12_05,13:13:50,13:13:50,13066,34
5010_12_05,13:16:16,13:16:16,13067,35
5010_12_05,13:17:49,13:17:49,13068,36
5010_12_05,13:19:34,13:19:34,14063,37
5010_12_05,13:25:53,13:25:53,14064,38
5010_12_05,13:29:29,13:29:29,14065,39
5010_12_05,13:32:25,13:32:25,14066,40
5010_12_05,13:33:11,13:33:11,14088,41
5010_12_05,13:34:59,13:34:59,14136,42
5010_12_05,13:38:12,13:38:12,14165,43
5010_12_05,13:38:40,13:38:40,14166,44
5010_12_05,13:40:30,13:40:30,14167,45
5010_12_05,13:41:02,13:41:02,14168,46
5010_12_05,13:43:55,13:43:55,14169,47
5010_12_05,13:45:46,13:45:46,14170,48
5010_12_05,13:48:31,13:48:31,14147,49
5010_12_05,13:49:14,13:49:14,14128,50
5010_12_05,13:52:05,13:52:05,14171,51
5010_12_05,13:52:53,13:52:53,14145,52
5010_12_05,13:55:11,13:55:11,14144,53
5010_12_05,13:57:14,13:57:14,14143,54
5010_12_05,13:58:28,13:58:28,14125,55
5010_12_05,13:59:44,13:59:44,14142,56
5010_12_05,14:00:08,14:00:08,14172,57
5010_12_05,14:01:51,14:01:51,14173,58
5010_12_05,14:02:27,14:02:27,14174,59
5010_12_05,14:05:48,14:05:48,14175,60
5010_12_05,14:06:23,14:06:23,14176,61
5010_12_05,14:08:40,14:08:40,14177,62
5010_12_10,12:10:00,12:10:00,14153,0
5010_12_10,12:10:23,12:10:23,14154,1
5010_12_10,12:11:55,12:11:55,13451,2
5010_12_10,12:13:04,12:13:04,13452,3
5010_12_10,12:15:42,12:15:42,14155,4
5010_12_10,12:17:16,12:17:16,14156,5
5010_12_10,12:18:46,12:18:46,14157,6
5010_12_10,12:22:15,12:22:15,14158,7
5010_12_10,12:24:03,12:24:03,13365,8
5010_12_10,12:25:18,12:25:18,14159,9
5010_12_10,12:27:35,12:27:35,10811,10
5010_12_10,12:28:03,12:28:03,10812,11
5010_12_10,12:29:58,12:29:58,14160,12
5010_12_10,12:32:21,12:32:21,14161,13
5010_12_10,12:34:01,12:34:01,10815,14
5010_12_10,12:36:08,12:36:08,10816,15
5010_12_10,12:38:48,12:38:48,11215,16
5010_12_10,12:42:03,12:42:03,14162,17
5010_12_10,12:42:42,12:42:42,11217,18
5010_12_10,12:44:20,12:44:20,11218,19
5010_12_10,12:47:45,12:47:45,14163,20
5010_12_10,12:48:43,12:48:43,10440,21
5010_12_10,12:50:55,12:50:55,10441,22
5010_12_10,12:53:29,12:53:29,10442,23
5010_12_10,12:55:05,12:55:05,10443,24
5010_12_10,12:56:55,12:56:55,10444,25
5010_12_10,12:58:06,12:58:06,12195,26
5010_12_10,13:00:25,13:00:25,14164,27
5010_12_10,13:03:11,13:03:11,12197,28
5010_12_10,13:04:12,13:04:12,12198,29
5010_12_10,13:07:21,13:07:21,12199,30
5010_12_10,13:11:29,13:11:29,10308,31
5010_12_10,13:14:40,13:14:40,14062,32
5010_12_10,13:16:41,13:16:41,13065,33
5010_12_10,13:18:50,13:18:50,13066,34
5010_12_10,13:21:16,13:21:16,13067,35
5010_12_10,13:22:49,13:22:49,13068,36
5010_12_10,13:24:34,13:24:34,14063,37
5010_12_10,13:30:53,13:30:53,14064,38
5010_12_10,13:34:29,13:34:29,14065,39
5010_12_10,13:37:25,13:37:25,14066,40
5010_12_10,13:38:11,13:38:11,14088,41
5010_12_10,13:39:59,13:39:59,14136,42
5010_12_10,13:43:12,13:43:12,14165,43
5010_12_10,13:43:40,13:43:40,14166,44
5010_12_10,13:45:30,13:45:30,14167,45
5010_12_10,13:46:02,13:46:02,14168,46
5010_12_10,13:48:55,13:48:55,14169,47
5010_12_10,13:50:46,13:50:46,14170,48
5010_12_10,13:53:31,13:53:31,14147,49
5010_12_10,13:54:14,13:54:14,14128,50
5010_12_10,13:57:05,13:57:05,14171,51
5010_12_10,13:57:53,13:57:53,14145,52
5010_12_10,14:00:11,14:00:11,14144,53
5010_12_10,14:02:14,14:02:14,14143,54
5010_12_10,14:03:28,14:03:28,14125,55
5010_12_10,14:04:44,14:04:44,14142,56
5010_12_10,14:05:08,14:05:08,14172,57
5010_12_10,14:06:51,14:06:51,14173,58
5010_12_10,14:07:27,14:07:27,14174,59
5010_12_10,14:10:48,14:10:48,14175,60
5010_12_10,14:11:23,14:11:23,14176,61
5010_12_10,14:13:40,14:13:40,14177,62
5169_00_00,00:00:00,00:00:00,10617,0
5169_00_00,00:01:44,00:01:44,10618,1
5169_00_00,00:02:20,00:02:20,10300,2
5169_00_00,00:05:44,00:05:44,10302,3
5169_00_00,00:06:49,00:06:49,10303,4
5169_00_00,00:08:41,00:08:41,13990,5
5169_00_00,00:11:16,00:11:16,11393,6
5169_00_00,00:12:27,00:12:27,13318,7
5169_00_00,00:17:08,00:17:08,11395,8
5169_00_00,00:19:09,00:19:09,11396,9
5169_00_00,00:21:33,00:21:33,12402,10
5169_00_00,00:22:44,00:22:44,10422,11
5169_00_00,00:25:49,00:25:49,10424,12
5169_00_00,00:26:42,00:26:42,10425,13
5169_00_00,00:28:21,00:28:21,10426,14
5169_00_00,00:29:22,00:29:22,10427,15
5169_00_00,00:30:14,00:30:14,10428,16
5169_00_00,00:33:00,00:33:00,10429,17
5169_00_00,00:34:16,00:34:16,10430,18
5169_00_00,00:35:02,00:35:02,10431,19
5169_00_00,00:39:38,00:39:38,11564,20
5169_00_00,00:40:14,00:40:14,14541,21
5169_00_00,00:43:50,00:43:50,11658,22
5169_00_00,00:47:23,00:47:23,11659,23
5169_00_00,00:48:55,00:48:55,12758,24
5169_00_00,00:51:15,00:51:15,12759,25
5169_00_00,00:54:15,00:54:15,10809,26
5169_00_00,00:55:19,00:55:19,10810,27
5169_00_00,00:59:37,00:59:37,13745,28
5169_00_00,00:59:57,00:59:57,14542,29
5169_00_00,01:01:19,01:01:19,12249,30
5169_00_00,01:03:15,01:03:15,12250,31
5169_00_00,01:06:22,01:06:22,12251,32
5169_00_00,01:09:57,01:09:57,12253,33
5169_00_00,01:10:50,01:10:50,12254,34
5169_00_00,01:12:42,01:12:42,12255,35
5169_00_00,01:14:10,01:14:10,13208,36
5169_00_00,01:15:50,01:15:50,13209,37
5169_00_00,01:18:13,01:18:13,13210,38
5169_23_35,23:35:00,23:35:00,10617,0
5169_23_35,23:36:44,23:36:44,10618,1
5169_23_35,23:37:20,23:37:20,10300,2
5169_23_35,23:40:44,23:40:44,10302,3
5169_23_35,23:41:49,23:41:49,10303,4
5169_23_35,23:43:41,23:43:41,13990,5
5169_23_35,23:46:16,23:46:16,11393,6
5169_23_35,23:47:27,23:47:27,13318,7
5169_23_35,23:52:08,23:52:08,11395,8
5169_23_35,23:54:09,23:54:09,11396,9
5169_23_35,23:56:33,23:56:33,12402,10
5169_23_35,23:57:44,23:57:44,10422,11
5169_23_35,24:00:49,24:00:49,10424,12
5169_23_35,24:01:42,24:01:42,10425,13
5169_23_35,24:03:21,24:03:21,10426,14
5169_23_35,24:04:22,24:04:22,10427,15
5169_23_35,24:05:14,24:05:14,10428,16
5169_23_35,24:08:00,24:08:00,10429,17
5169_23_35,24:09:16,24:09:16,10430,18
5169_23_35,24:10:02,24:10:02,10431,19
5169_23_35,24:14:38,24:14:38,11564,20
5169_23_35,24:15:14,24:15:14,14541,21
5169_23_35,24:18:50,24:18:50,11658,22
5169_23_35,24:22:23,24:22:23,11659,23
5169_23_35,24:23:55,24:23:55,12758,24
5169_23_35,24:26:15,24:26:15,12759,25
5169_23_35,24:29:15,24:29:15,10809,26
5169_23_35,24:30:19,24:30:19,10810,27
5169_23_35,24:34:37,24:34:37,13745,28
5169_23_35,24:34:57,24:34:57,14542,29
5169_23_35,24:36:19,24:36:19,12249,30
5169_23_35,24:38:15,24:38:15,12250,31
5169_23_35,24:41:22,24:41:22,12251,32
5169_23_35,24:44:57,24:44:57,12253,33
5169_23_35,24:45:50,24:45:50,12254,34
5169_23_35,24:47:42,24:47:42,12255,35
5169_23_35,24:49:10,24:49:10,13208,36
5169_23_35,24:50:50,24:50:50,13209,37
5169_23_35,24:53:13,24:53:13,13210,38
5204_23_05,23:05:00,23:05:00,10875,0
5204_23_05,23:10:01,23:10:01,10878,1
5204_23_05,23:11:41,23:11:41,10879,2
5204_23_05,23:14:14,23:14:14,10880,3
5204_23_05,23:17:00,23:17:00,14627,4
5204_23_05,23:18:50,23:18:50,10883,5
5204_23_05,23:21:02,23:21:02,12169,6
5204_23_05,23:27:14,23:27:14,11922,7
5204_23_05,23:30:35,23:30:35,11449,8
5204_23_05,23:32:55,23:32:55,11450,9
5204_23_05,23:35:35,23:35:35,11011,10
5204_23_05,23:36:50,23:36:50,11012,11
5204_23_05,23:40:18,23:40:18,11564,12
5204_23_05,23:40:52,23:40:52,14628,13
5204_23_05,23:44:29,23:44:29,11658,14
5204_23_05,23:48:02,23:48:02,11659,15
5204_23_05,23:50:31,23:50:31,12496,16
5204_23_05,23:52:28,23:52:28,11660,17
5204_23_05,23:56:16,23:56:16,11662,18
5204_23_05,24:00:09,24:00:09,11663,19
5204_23_05,24:01:57,24:01:57,13573,20
5204_23_05,24:03:16,24:03:16,13574,21
5204_23_05,24:04:24,24:04:24,13575,22
5204_23_05,24:06:35,24:06:35,12176,23
5204_23_05,24:07:56,24:07:56,12177,24
5204_23_05,24:09:49,24:09:49,12178,25
5204_23_05,24:11:01,24:11:01,12179,26
5204_23_05,24:12:16,24:12:16,12180,27
5204_23_05,24:13:32,24:13:32,12181,28
5204_23_05,24:14:59,24:14:59,12182,29
5204_23_05,24:14:59,24:14:59,12182,30
5204_23_05,24:18:02,24:18:02,12185,31
5204_23_05,24:19:52,24:19:52,12653,32
5204_23_05,24:22:36,24:22:36,10992,33
5204_23_05,24:22:59,24:22:59,12000,34
5204_23_05,24:26:38,24:26:38,12717,35
5204_23_05,24:28:01,24:28:01,13371,36
5204_23_05,24:28:58,24:28:58,14626,37
5204_23_05,24:30:11,24:30:11,12706,38
5204_23_05,24:31:52,24:31:52,14629,39
5204_23_05,24:33:29,24:33:29,12970,40
5204_23_05,24:34:56,24:34:56,11582,41
5204_23_05,24:36:22,24:36:22,11583,42
5204_23_05,24:40:49,24:40:49,12906,43
5204_23_25,23:25:00,23:25:00,10875,0
5204_23_25,23:30:01,23:30:01,10878,1
5204_23_25,23:31:41,23:31:41,10879,2
5204_23_25,23:34:14,23:34:14,10880,3
5204_23_25,23:37:00,23:37:00,14627,4
5204_23_25,23:38:50,23:38:50,10883,5
5204_23_25,23:41:02,23:41:02,12169,6
5204_23_25,23:47:14,23:47:14,11922,7
5204_23_25,23:50:35,23:50:35,11449,8
5204_23_25,23:52:55,23:52:55,11450,9
5204_23_25,23:55:35,23:55:35,11011,10
5204_23_25,23:56:50,23:56:50,11012,11
5204_23_25,24:00:18,24:00:18,11564,12
5204_23_25,24:00:52,24:00:52,14628,13
5204_23_25,24:04:29,24:04:29,11658,14
5204_23_25,24:08:02,24:08:02,11659,15
5204_23_25,24:10:31,24:10:31,12496,16
5204_23_25,24:12:28,24:12:28,11660,17
5204_23_25,24:16:16,24:16:16,11662,18
5204_23_25,24:20:09,24:20:09,11663,19
5204_23_25,24:21:57,24:21:57,13573,20
5204_23_25,24:23:16,24:23:16,13574,21
5204_23_25,24:24:24,24:24:24,13575,22
5204_23_25,24:26:35,24:26:35,12176,23
5204_23_25,24:27:56,24:27:56,12177,24
5204_23_25,24:29:49,24:29:49,12178,25
5204_23_25,24:31:01,24:31:01,12179,26
5204_23_25,24:32:16,24:32:16,12180,27
5204_23_25,24:33:32,24:33:32,12181,28
5204_23_25,24:34:59,24:34:59,12182,29
5204_23_25,24:34:59,24:34:59,12182,30
5204_23_25,24:38:02,24:38:02,12185,31
5204_23_25,24:39:52,24:39:52,12653,32
5204_23_25,24:42:36,24:42:36,10992,33
5204_23_25,24:42:59,24:42:59,12000,34
5204_23_25,24:46:38,24:46:38,12717,35
5204_23_25,24:48:01,24:48:01,13371,36
5204_23_25,24:48:58,24:48:58,14626,37
5204_23_25,24:50:11,24:50:11,12706,38
5204_23_25,24:51:52,24:51:52,14629,39
5204_23_25,24:53:29,24:53:29,12970,40
5204_23_25,24:54:56,24:54:56,11582,41
5204_23_25,24:56:22,24:56:22,11583,42
5204_23_25,25:00:49,25:00:49,12906,43
5204_23_35,23:35:00,23:35:00,10875,0
5204_23_35,23:40:01,23:40:01,10878,1
5204_23_35,23:41:41,23:41:41,10879,2
5204_23_35,23:44:14,23:44:14,10880,3
5204_23_35,23:47:00,23:47:00,14627,4
5204_23_35,23:48:50,23:48:50,10883,5
5204_23_35,23:51:02,23:51:02,12169,6
5204_23_35,23:57:14,23:57:14,11922,7
5204_23_35,24:00:35,24:00:35,11449,8
5204_23_35,24:02:55,24:02:55,11450,9
5204_23_35,24:05:35,24:05:35,11011,10
5204_23_35,24:06:50,24:06:50,11012,11
5204_23_35,24:10:18,24:10:18,11564,12
5204_23_35,24:10:52,24:10:52,14628,13
5204_23_35,24:14:29,24:14:29,11658,14
5204_23_35,24:18:02,24:18:02,11659,15
5204_23_35,24:20:31,24:20:31,12496,16
5204_23_35,24:22:28,24:22:28,11660,17
5204_23_35,24:26:16,24:26:16,11662,18
5204_23_35,24:30:09,24:30:09,11663,19
5204_23_35,24:31:57,24:31:57,13573,20
5204_23_35,24:33:16,24:33:16,13574,21
5204_23_35,24:34:24,24:34:24,13575,22
5204_23_35,24:36:35,24:36:35,12176,23
5204_23_35,24:37:56,24:37:56,12177,24
5204_23_35,24:39:49,24:39:49,12178,25
5204_23_35,24:41:01,24:41:01,12179,26
5204_23_35,24:42:16,24:42:16,12180,27
5204_23_35,24:43:32,24:43:32,12181,28
5204_23_35,24:44:59,24:44:59,12182,29
5204_23_35,24:44:59,24:44:59,12182,30
5204_23_35,24:48:02,24:48:02,12185,31
5204_23_35,24:49:52,24:49:52,12653,32
5204_23_35,24:52:36,24:52:36,10992,33
5204_23_35,24:52:59,24:52:59,12000,34
5204_23_35,24:56:38,24:56:38,12717,35
5204_23_35,24:58:01,24:58:01,13371,36
5204_23_35,24:58:58,24:58:58,14626,37
5204_23_35,25:00:11,25:00:11,12706,38
5204_23_35,25:01:52,25:01:52,14629,39
5204_23_35,25:03:29,25:03:29,12970,40
5204_23_35,25:04:56,25:04:56,11582,41
5204_23_35,25:06:22,25:06:22,11583,42
5204_23_35,25:10:49,25:10:49,12906,43
5220_10_15,10:15:00,10:15:00,10060,0
5220_10_15,10:15:08,10:15:08,14590,1
5220_10_15,10:16:43,10:16:43,11475,2
5220_10_15,10:17:24,10:17:24,11476,3
5220_10_15,10:20:46,10:20:46,11477,4
5220_10_15,10:21:44,10:21:44,11478,5
5220_10_15,10:24:15,10:24:15,12962,6
5220_10_15,10:25:30,10:25:30,12963,7
5220_10_15,10:26:12,10:26:12,14196,8
5220_10_15,10:27:07,10:27:07,12964,9
5220_10_15,10:27:38,10:27:38,12965,10
5220_10_15,10:28:36,10:28:36,12966,11
5220_10_15,10:30:03,10:30:03,12642,12
5220_10_15,10:30:59,10:30:59,12643,13
5220_10_15,10:32:05,10:32:05,12644,14
5220_10_15,10:33:30,10:33:30,12645,15
5220_10_15,10:35:16,10:35:16,12646,16
5220_10_15,10:36:35,10:36:35,12647,17
5220_10_15,10:37:56,10:37:56,11698,18
5220_10_15,10:40:04,10:40:04,11699,19
5220_10_15,10:41:02,10:41:02,12902,20
5220_10_15,10:41:40,10:41:40,13256,21
5220_10_15,10:43:10,10:43:10,13367,22
5220_10_15,10:45:05,10:45:05,11985,23
5220_10_15,10:47:26,10:47:26,14500,24
5220_10_15,10:57:38,10:57:38,11987,25
5220_10_15,11:00:48,11:00:48,11988,26
5220_10_15,11:04:49,11:04:49,11989,27
5220_10_15,11:07:26,11:07:26,11990,28
5220_10_15,11:08:06,11:08:06,14674,29
5220_10_15,11:09:17,11:09:17,13520,30
5220_10_15,11:12:17,11:12:17,11648,31
5220_10_15,11:14:32,11:14:32,11649,32
5220_10_15,11:15:23,11:15:23,13521,33
5220_10_15,11:16:11,11:16:11,13522,34
5220_10_15,11:19:57,11:19:57,10430,35
5220_10_15,11:20:22,11:20:22,14589,36
5220_10_15,11:21:33,11:21:33,10431,37
5220_10_15,11:26:10,11:26:10,11564,38
5220_10_15,11:26:45,11:26:45,14541,39
5220_10_15,11:30:21,11:30:21,11658,40
5220_10_15,11:33:54,11:33:54,11659,41
5220_10_15,11:35:26,11:35:26,12758,42
5220_10_15,11:37:46,11:37:46,12759,43
5220_10_15,11:38:31,11:38:31,13523,44
5220_10_15,11:39:39,11:39:39,12986,45
5220_10_15,11:41:06,11:41:06,12987,46
5220_10_15,11:43:35,11:43:35,12988,47
5220_10_15,11:44:28,11:44:28,12989,48
5220_10_15,11:46:04,11:46:04,12990,49
5220_10_15,11:47:41,11:47:41,12991,50
5220_10_15,11:48:45,11:48:45,12992,51
5220_10_15,11:50:25,11:50:25,12993,52
5220_10_15,11:52:21,11:52:21,13516,53
5220_10_15,11:54:18,11:54:18,10943,54
5220_10_15,11:54:55,11:54:55,14675,55
5220_10_15,11:55:19,11:55:19,13524,56
5220_10_15,11:57:30,11:57:30,14178,57
5220_10_15,11:58:26,11:58:26,12256,58
5220_10_15,12:00:10,12:00:10,14676,59
5220_10_15,12:05:39,12:05:39,12258,60
5220_10_15,12:08:14,12:08:14,14677,61
5220_10_15,12:10:37,12:10:37,14678,62
5220_10_15,12:11:21,12:11:21,14679,63
5220_10_15,12:12:17,12:12:17,12262,64
5220_10_15,12:13:51,12:13:51,12263,65
5220_10_15,12:16:37,12:16:37,12264,66
5220_10_15,12:18:24,12:18:24,12265,67
5220_10_15,12:21:11,12:21:11,12266,68
5220_10_15,12:22:34,12:22:34,12267,69
5220_10_15,12:24:33,12:24:33,12268,70
5220_10_15,12:26:10,12:26:10,12269,71
5220_10_15,12:27:42,12:27:42,12270,72
5220_10_15,12:30:52,12:30:52,12271,73
5220_10_15,12:34:20,12:34:20,14680,74
5220_10_15,12:41:09,12:41:09,14681,75
5220_10_15,12:43:32,12:43:32,12487,76
5220_10_15,12:46:56,12:46:56,14682,77
5220_10_15,12:48:26,12:48:26,12488,78
5220_10_20,10:20:00,10:20:00,10060,0
5220_10_20,10:20:08,10:20:08,14590,1
5220_10_20,10:21:43,10:21:43,11475,2
5220_10_20,10:22:24,10:22:24,11476,3
5220_10_20,10:25:46,10:25:46,11477,4
5220_10_20,10:26:44,10:26:44,11478,5
5220_10_20,10:29:15,10:29:15,12962,6
5220_10_20,10:30:30,10:30:30,12963,7
5220_10_20,10:31:12,10:31:12,14196,8
5220_10_20,10:32:07,10:32:07,12964,9
5220_10_20,10:32:38,10:32:38,12965,10
5220_10_20,10:33:36,10:33:36,12966,11
5220_10_20,10:35:03,10:35:03,12642,12
5220_10_20,10:35:59,10:35:59,12643,13
5220_10_20,10:37:05,10:37:05,12644,14
5220_10_20,10:38:30,10:38:30,12645,15
5220_10_20,10:40:16,10:40:16,12646,16
5220_10_20,10:41:35,10:41:35,12647,17
5220_10_20,10:42:56,10:42:56,11698,18
5220_10_20,10:45:04,10:45:04,11699,19
5220_10_20,10:46:02,10:46:02,12902,20
5220_10_20,10:46:40,10:46:40,13256,21
5220_10_20,10:48:10,10:48:10,13367,22
5220_10_20,10:50:05,10:50:05,11985,23
5220_10_20,10:52:26,10:52:26,14500,24
5220_10_20,11:02:38,11:02:38,11987,25
5220_10_20,11:05:48,11:05:48,11988,26
5220_10_20,11:09:49,11:09:49,11989,27
5220_10_20,11:12:26,11:12:26,11990,28
5220_10_20,11:13:06,11:13:06,14674,29
5220_10_20,11:14:17,11:14:17,13520,30
5220_10_20,11:17:17,11:17:17,11648,31
5220_10_20,11:19:32,11:19:32,11649,32
5220_10_20,11:20:23,11:20:23,13521,33
5220_10_20,11:21:11,11:21:11,13522,34
5220_10_20,11:24:57,11:24:57,10430,35
5220_10_20,11:25:22,11:25:22,14589,36
5220_10_20,11:26:33,11:26:33,10431,37
5220_10_20,11:31:10,11:31:10,11564,38
5220_10_20,11:31:45,11:31:45,14541,39
5220_10_20,11:35:21,11:35:21,11658,40
5220_10_20,11:38:54,11:38:54,11659,41
5220_10_20,11:40:26,11:40:26,12758,42
5220_10_20,11:42:46,11:42:46,12759,43
5220_10_20,11:43:31,11:43:31,13523,44
5220_10_20,11:44:39,11:44:39,12986,45
5220_10_20,11:46:06,11:46:06,12987,46
5220_10_20,11:48:35,11:48:35,12988,47
5220_10_20,11:49:28,11:49:28,12989,48
5220_10_20,11:51:04,11:51:04,12990,49
5220_10_20,11:52:41,11:52:41,12991,50
5220_10_20,11:53:45,11:53:45,12992,51
5220_10_20,11:55:25,11:55:25,12993,52
5220_10_20,11:57:21,11:57:21,13516,53
5220_10_20,11:59:18,11:59:18,10943,54
5220_10_20,11:59:55,11:59:55,14675,55
5220_10_20,12:00:19,12:00:19,13524,56
5220_10_20,12:02:30,12:02:30,14178,57
5220_10_20,12:03:26,12:03:26,12256,58
5220_10_20,12:05:10,12:05:10,14676,59
5220_10_20,12:10:39,12:10:39,12258,60
5220_10_20,12:13:14,12:13:14,14677,61
5220_10_20,12:15:37,12:15:37,14678,62
5220_10_20,12:16:21,12:16:21,14679,63
5220_10_20,12:17:17,12:17:17,12262,64
5220_10_20,12:18:51,12:18:51,12263,65
5220_10_20,12:21:37,12:21:37,12264,66
5220_10_20,12:23:24,12:23:24,12265,67
5220_10_20,12:26:11,12:26:11,12266,68
5220_10_20,12:27:34,12:27:34,12267,69
5220_10_20,12:29:33,12:29:33,12268,70
5220_10_20,12:31:10,12:31:10,12269,71
5220_10_20,12:32:42,12:32:42,12270,72
5220_10_20,12:35:52,12:35:52,12271,73
5220_10_20,12:39:20,12:39:20,14680,74
5220_10_20,12:46:09,12:46:09,14681,75
5220_10_20,12:48:32,12:48:32,12487,76
5220_10_20,12:51:56,12:51:56,14682,77
5220_10_20,12:53:26,12:53:26,12488,78
5220_12_15,12:15:00,12:15:00,10060,0
5220_12_15,12:15:08,12:15:08,14590,1
5220_12_15,12:16:43,12:16:43,11475,2
5220_12_15,12:17:24,12:17:24,11476,3
5220_12_15,12:20:46,12:20:46,11477,4
5220_12_15,12:21:44,12:21:44,11478,5
5220_12_15,12:24:15,12:24:15,12962,6
5220_12_15,12:25:30,12:25:30,12963,7
5220_12_15,12:26:12,12:26:12,14196,8
5220_12_15,12:27:07,12:27:07,12964,9
5220_12_15,12:27:38,12:27:38,12965,10
5220_12_15,12:28:36,12:28:36,12966,11
5220_12_15,12:30:03,12:30:03,12642,12
5220_12_15,12:30:59,12:30:59,12643,13
5220_12_15,12:32:05,12:32:05,12644,14
5220_12_15,12:33:30,12:33:30,12645,15
5220_12_15,12:35:16,12:35:16,12646,16
5220_12_15,12:36:35,12:36:35,12647,17
5220_12_15,12:37:56,12:37:56,11698,18
5220_12_15,12:40:04,12:40:04,11699,19
5220_12_15,12:41:02,12:41:02,12902,20
5220_12_15,12:41:40,12:41:40,13256,21
5220_12_15,12:43:10,12:43:10,13367,22
5220_12_15,12:45:05,12:45:05,11985,23
5220_12_15,12:47:26,12:47:26,14500,24
5220_12_15,12:57:38,12:57:38,11987,25
5220_12_15,13:00:48,13:00:48,11988,26
5220_12_15,13:04:49,13:04:49,11989,27
5220_12_15,13:07:26,13:07:26,11990,28
5220_12_15,13:08:06,13:08:06,14674,29
5220_12_15,13:09:17,13:09:17,13520,30
5220_12_15,13:12:17,13:12:17,11648,31
5220_12_15,13:14:32,13:14:32,11649,32
5220_12_15,13:15:23,13:15:23,13521,33
5220_12_15,13:16:11,13:16:11,13522,34
5220_12_15,13:19:57,13:19:57,10430,35
5220_12_15,13:20:22,13:20:22,14589,36
5220_12_15,13:21:33,13:21:33,10431,37
5220_12_15,13:26:10,13:26:10,11564,38
5220_12_15,13:26:45,13:26:45,14541,39
5220_12_15,13:30:21,13:30:21,11658,40
5220_12_15,13:33:54,13:33:54,11659,41
5220_12_15,13:35:26,13:35:26,12758,42
5220_12_15,13:37:46,13:37:46,12759,43
5220_12_15,13:38:31,13:38:31,13523,44
5220_12_15,13:39:39,13:39:39,12986,45
5220_12_15,13:41:06,13:41:06,12987,46
5220_12_15,13:43:35,13:43:35,12988,47
5220_12_15,13:44:28,13:44:28,12989,48
5220_12_15,13:46:04,13:46:04,12990,49
5220_12_15,13:47:41,13:47:41,12991,50
5220_12_15,13:48:45,13:48:45,12992,51
5220_12_15,13:50:25,13:50:25,12993,52
5220_12_15,13:52:21,13:52:21,13516,53
5220_12_15,13:54:18,13:54:18,10943,54
5220_12_15,13:54:55,13:54:55,14675,55
5220_12_15,13:55:19,13:55:19,13524,56
5220_12_15,13:57:30,13:57:30,14178,57
5220_12_15,13:58:26,13:58:26,12256,58
5220_12_15,14:00:10,14:00:10,14676,59
5220_12_15,14:05:39,14:05:39,12258,60
5220_12_15,14:08:14,14:08:14,14677,61
5220_12_15,14:10:37,14:10:37,14678,62
5220_12_15,14:11:21,14:11:21,14679,63
5220_12_15,14:12:17,14:12:17,12262,64
5220_12_15,14:13:51,14:13:51,12263,65
5220_12_15,14:16:37,14:16:37,12264,66
5220_12_15,14:18:24,14:18:24,12265,67
5220_12_15,14:21:11,14:21:11,12266,68
5220_12_15,14:22:34,14:22:34,12267,69
5220_12_15,14:24:33,14:24:33,12268,70
5220_12_15,14:26:10,14:26:10,12269,71
5220_12_15,14:27:42,14:27:42,12270,72
5220_12_15,14:30:52,14:30:52,12271,73
5220_12_15,14:34:20,14:34:20,14680,74
5220_12_15,14:41:09,14:41:09,14681,75
5220_12_15,14:43:32,14:43:32,12487,76
5220_12_15,14:46:56,14:46:56,14682,77
5220_12_15,14:48:26,14:48:26,12488,78
5220_12_45,12:45:00,12:45:00,10060,0
5220_12_45,12:45:08,12:45:08,14590,1
5220_12_45,12:46:43,12:46:43,11475,2
5220_12_45,12:47:24,12:47:24,11476,3
5220_12_45,12:50:46,12:50:46,11477,4
5220_12_45,12:51:44,12:51:44,11478,5
5220_12_45,12:54:15,12:54:15,12962,6
5220_12_45,12:55:30,12:55:30,12963,7
5220_12_45,12:56:12,12:56:12,14196,8
5220_12_45,12:57:07,12:57:07,12964,9
5220_12_45,12:57:38,12:57:38,12965,10
5220_12_45,12:58:36,12:58:36,12966,11
5220_12_45,13:00:03,13:00:03,12642,12
5220_12_45,13:00:59,13:00:59,12643,13
5220_12_45,13:02:05,13:02:05,12644,14
5220_12_45,13:03:30,13:03:30,12645,15
5220_12_45,13:05:16,13:05:16,12646,16
5220_12_45,13:06:35,13:06:35,12647,17
5220_12_45,13:07:56,13:07:56,11698,18
5220_12_45,13:10:04,13:10:04,11699,19
5220_12_45,13:11:02,13:11:02,12902,20
5220_12_45,13:11:40,13:11:40,13256,21
5220_12_45,13:13:10,13:13:10,13367,22
5220_12_45,13:15:05,13:15:05,11985,23
5220_12_45,13:17:26,13:17:26,14500,24
5220_12_45,13:27:38,13:27:38,11987,25
5220_12_45,13:30:48,13:30:48,11988,26
5220_12_45,13:34:49,13:34:49,11989,27
5220_12_45,13:37:26,13:37:26,11990,28
5220_12_45,13:38:06,13:38:06,14674,29
5220_12_45,13:39:17,13:39:17,13520,30
5220_12_45,13:42:17,13:42:17,11648,31
5220_12_45,13:44:32,13:44:32,11649,32
5220_12_45,13:45:23,13:45:23,13521,33
5220_12_45,13:46:11,13:46:11,13522,34
5220_12_45,13:49:57,13:49:57,10430,35
5220_12_45,13:50:22,13:50:22,14589,36
5220_12_45,13:51:33,13:51:33,10431,37
5220_12_45,13:56:10,13:56:10,11564,38
5220_12_45,13:56:45,13:56:45,14541,39
5220_12_45,14:00:21,14:00:21,11658,40
5220_12_45,14:03:54,14:03:54,11659,41
5220_12_45,14:05:26,14:05:26,12758,42
5220_12_45,14:07:46,14:07:46,12759,43
5220_12_45,14:08:31,14:08:31,13523,44
5220_12_45,14:09:39,14:09:39,12986,45
5220_12_45,14:11:06,14:11:06,12987,46
5220_12_45,14:13:35,14:13:35,12988,47
5220_12_45,14:14:28,14:14:28,12989,48
5220_12_45,14:16:04,14:16:04,12990,49
5220_12_45,14:17:41,14:17:41,12991,50
5220_12_45,14:18:45,14:18:45,12992,51
5220_12_45,14:20:25,14:20:25,12993,52
5220_12_45,14:22:21,14:22:21,13516,53
5220_12_45,14:24:18,14:24:18,10943,54
5220_12_45,14:24:55,14:24:55,14675,55
5220_12_45,14:25:19,14:25:19,13524,56
5220_12_45,14:27:30,14:27:30,14178,57
5220_12_45,14:28:26,14:28:26,12256,58
5220_12_45,14:30:10,14:30:10,14676,59
5220_12_45,14:35:39,14:35:39,12258,60
5220_12_45,14:38:14,14:38:14,14677,61
5220_12_45,14:40:37,14:40:37,14678,62
5220_12_45,14:41:21,14:41:21,14679,63
5220_12_45,14:42:17,14:42:17,12262,64
5220_12_45,14:43:51,14:43:51,12263,65
5220_12_45,14:46:37,14:46:37,12264,66
5220_12_45,14:48:24,14:48:24,12265,67
5220_12_45,14:51:11,14:51:11,12266,68
5220_12_45,14:52:34,14:52:34,12267,69
5220_12_45,14:54:33,14:54:33,12268,70
5220_12_45,14:56:10,14:56:10,12269,71
5220_12_45,14:57:42,14:57:42,12270,72
5220_12_45,15:00:52,15:00:52,12271,73
5220_12_45,15:04:20,15:04:20,14680,74
5220_12_45,15:11:09,15:11:09,14681,75
5220_12_45,15:13:32,15:13:32,12487,76
5220_12_45,15:16:56,15:16:56,14682,77
5220_12_45,15:18:26,15:18:26,12488,78
5220_13_45,13:45:00,13:45:00,10060,0
5220_13_45,13:45:08,13:45:08,14590,1
5220_13_45,13:46:43,13:46:43,11475,2
5220_13_45,13:47:24,13:47:24,11476,3
5220_13_45,13:50:46,13:50:46,11477,4
5220_13_45,13:51:44,13:51:44,11478,5
5220_13_45,13:54:15,13:54:15,12962,6
5220_13_45,13:55:30,13:55:30,12963,7
5220_13_45,13:56:12,13:56:12,14196,8
5220_13_45,13:57:07,13:57:07,12964,9
5220_13_45,13:57:38,13:57:38,12965,10
5220_13_45,13:58:36,13:58:36,12966,11
5220_13_45,14:00:03,14:00:03,12642,12
5220_13_45,14:00:59,14:00:59,12643,13
5220_13_45,14:02:05,14:02:05,12644,14
5220_13_45,14:03:30,14:03:30,12645,15
5220_13_45,14:05:16,14:05:16,12646,16
5220_13_45,14:06:35,14:06:35,12647,17
5220_13_45,14:07:56,14:07:56,11698,18
5220_13_45,14:10:04,14:10:04,11699,19
5220_13_45,14:11:02,14:11:02,12902,20
5220_13_45,14:11:40,14:11:40,13256,21
5220_13_45,14:13:10,14:13:10,13367,22
5220_13_45,14:15:05,14:15:05,11985,23
5220_13_45,14:17:26,14:17:26,14500,24
5220_13_45,14:27:38,14:27:38,11987,25
5220_13_45,14:30:48,14:30:48,11988,26
5220_13_45,14:34:49,14:34:49,11989,27
5220_13_45,14:37:26,14:37:26,11990,28
5220_13_45,14:38:06,14:38:06,14674,29
5220_13_45,14:39:17,14:39:17,13520,30
5220_13_45,14:42:17,14:42:17,11648,31
5220_13_45,14:44:32,14:44:32,11649,32
5220_13_45,14:45:23,14:45:23,13521,33
5220_13_45,14:46:11,14:46:11,13522,34
5220_13_45,14:49:57,14:49:57,10430,35
5220_13_45,14:50:22,14:50:22,14589,36
5220_13_45,14:51:33,14:51:33,10431,37
5220_13_45,14:56:10,14:56:10,11564,38
5220_13_45,14:56:45,14:56:45,14541,39
5220_13_45,15:00:21,15:00:21,11658,40
5220_13_45,15:03:54,15:03:54,11659,41
5220_13_45,15:05:26,15:05:26,12758,42
5220_13_45,15:07:46,15:07:46,12759,43
5220_13_45,15:08:31,15:08:31,13523,44
5220_13_45,15:09:39,15:09:39,12986,45
5220_13_45,15:11:06,15:11:06,12987,46
5220_13_45,15:13:35,15:13:35,12988,47
5220_13_45,15:14:28,15:14:28,12989,48
5220_13_45,15:16:04,15:16:04,12990,49
5220_13_45,15:17:41,15:17:41,12991,50
5220_13_45,15:18:45,15:18:45,12992,51
5220_13_45,15:20:25,15:20:25,12993,52
5220_13_45,15:22:21,15:22:21,13516,53
5220_13_45,15:24:18,15:24:18,10943,54
5220_13_45,15:24:55,15:24:55,14675,55
5220_13_45,15:25:19,15:25:19,13524,56
5220_13_45,15:27:30,15:27:30,14178,57
5220_13_45,15:28:26,15:28:26,12256,58
5220_13_45,15:30:10,15:30:10,14676,59
5220_13_45,15:35:39,15:35:39,12258,60
5220_13_45,15:38:14,15:38:14,14677,61
5220_13_45,15:40:37,15:40:37,14678,62
5220_13_45,15:41:21,15:41:21,14679,63
5220_13_45,15:42:17,15:42:17,12262,64
5220_13_45,15:43:51,15:43:51,12263,65
5220_13_45,15:46:37,15:46:37,12264,66
5220_13_45,15:48:24,15:48:24,12265,67
5220_13_45,15:51:11,15:51:11,12266,68
5220_13_45,15:52:34,15:52:34,12267,69
5220_13_45,15:54:33,15:54:33,12268,70
5220_13_45,15:56:10,15:56:10,12269,71
5220_13_45,15:57:42,15:57:42,12270,72
5220_13_45,16:00:52,16:00:52,12271,73
5220_13_45,16:04:20,16:04:20,14680,74
5220_13_45,16:11:09,16:11:09,14681,75
5220_13_45,16:13:32,16:13:32,12487,76
5220_13_45,16:16:56,16:16:56,14682,77
5220_13_45,16:18:26,16:18:26,12488,78
5220_14_35,14:35:00,14:35:00,10060,0
5220_14_35,14:35:08,14:35:08,14590,1
5220_14_35,14:36:43,14:36:43,11475,2
5220_14_35,14:37:24,14:37:24,11476,3
5220_14_35,14:40:46,14:40:46,11477,4
5220_14_35,14:41:44,14:41:44,11478,5
5220_14_35,14:44:15,14:44:15,12962,6
5220_14_35,14:45:30,14:45:30,12963,7
5220_14_35,14:46:12,14:46:12,14196,8
5220_14_35,14:47:07,14:47:07,12964,9
5220_14_35,14:47:38,14:47:38,12965,10
5220_14_35,14:48:36,14:48:36,12966,11
5220_14_35,14:50:03,14:50:03,12642,12
5220_14_35,14:50:59,14:50:59,12643,13
5220_14_35,14:52:05,14:52:05,12644,14
5220_14_35,14:53:30,14:53:30,12645,15
5220_14_35,14:55:16,14:55:16,12646,16
5220_14_35,14:56:35,14:56:35,12647,17
5220_14_35,14:57:56,14:57:56,11698,18
5220_14_35,15:00:04,15:00:04,11699,19
5220_14_35,15:01:02,15:01:02,12902,20
5220_14_35,15:01:40,15:01:40,13256,21
5220_14_35,15:03:10,15:03:10,13367,22
5220_14_35,15:05:05,15:05:05,11985,23
5220_14_35,15:07:26,15:07:26,14500,24
5220_14_35,15:17:38,15:17:38,11987,25
5220_14_35,15:20:48,15:20:48,11988,26
5220_14_35,15:24:49,15:24:49,11989,27
5220_14_35,15:27:26,15:27:26,11990,28
5220_14_35,15:28:06,15:28:06,14674,29
5220_14_35,15:29:17,15:29:17,13520,30
5220_14_35,15:32:17,15:32:17,11648,31
5220_14_35,15:34:32,15:34:32,11649,32
5220_14_35,15:35:23,15:35:23,13521,33
5220_14_35,15:36:11,15:36:11,13522,34
5220_14_35,15:39:57,15:39:57,10430,35
5220_14_35,15:40:22,15:40:22,14589,36
5220_14_35,15:41:33,15:41:33,10431,37
5220_14_35,15:46:10,15:46:10,11564,38
5220_14_35,15:46:45,15:46:45,14541,39
5220_14_35,15:50:21,15:50:21,11658,40
5220_14_35,15:53:54,15:53:54,11659,41
5220_14_35,15:55:26,15:55:26,12758,42
5220_14_35,15:57:46,15:57:46,12759,43
5220_14_35,15:58:31,15:58:31,13523,44
5220_14_35,15:59:39,15:59:39,12986,45
5220_14_35,16:01:06,16:01:06,12987,46
5220_14_35,16:03:35,16:03:35,12988,47
5220_14_35,16:04:28,16:04:28,12989,48
5220_14_35,16:06:04,16:06:04,12990,49
5220_14_35,16:07:41,16:07:41,12991,50
5220_14_35,16:08:45,16:08:45,12992,51
5220_14_35,16:10:25,16:10:25,12993,52
5220_14_35,16:12:21,16:12:21,13516,53
5220_14_35,16:14:18,16:14:18,10943,54
5220_14_35,16:14:55,16:14:55,14675,55
5220_14_35,16:15:19,16:15:19,13524,56
5220_14_35,16:17:30,16:17:30,14178,57
5220_14_35,16:18:26,16:18:26,12256,58
5220_14_35,16:20:10,16:20:10,14676,59
5220_14_35,16:25:39,16:25:39,12258,60
5220_14_35,16:28:14,16:28:14,14677,61
5220_14_35,16:30:37,16:30:37,14678,62
5220_14_35,16:31:21,16:31:21,14679,63
5220_14_35,16:32:17,16:32:17,12262,64
5220_14_35,16:33:51,16:33:51,12263,65
5220_14_35,16:36:37,16:36:37,12264,66
5220_14_35,16:38:24,16:38:24,12265,67
5220_14_35,16:41:11,16:41:11,12266,68
5220_14_35,16:42:34,16:42:34,12267,69
5220_14_35,16:44:33,16:44:33,12268,70
5220_14_35,16:46:10,16:46:10,12269,71
5220_14_35,16:47:42,16:47:42,12270,72
5220_14_35,16:50:52,16:50:52,12271,73
5220_14_35,16:54:20,16:54:20,14680,74
5220_14_35,17:01:09,17:01:09,14681,75
5220_14_35,17:03:32,17:03:32,12487,76
5220_14_35,17:06:56,17:06:56,14682,77
5220_14_35,17:08:26,17:08:26,12488,78
5220_18_35,18:35:00,18:35:00,10060,0
5220_18_35,18:35:08,18:35:08,14590,1
5220_18_35,18:36:43,18:36:43,11475,2
5220_18_35,18:37:24,18:37:24,11476,3
5220_18_35,18:40:46,18:40:46,11477,4
5220_18_35,18:41:44,18:41:44,11478,5
5220_18_35,18:44:15,18:44:15,12962,6
5220_18_35,18:45:30,18:45:30,12963,7
5220_18_35,18:46:12,18:46:12,14196,8
5220_18_35,18:47:07,18:47:07,12964,9
5220_18_35,18:47:38,18:47:38,12965,10
5220_18_35,18:48:36,18:48:36,12966,11
5220_18_35,18:50:03,18:50:03,12642,12
5220_18_35,18:50:59,18:50:59,12643,13
5220_18_35,18:52:05,18:52:05,12644,14
5220_18_35,18:53:30,18:53:30,12645,15
5220_18_35,18:55:16,18:55:16,12646,16
5220_18_35,18:56:35,18:56:35,12647,17
5220_18_35,18:57:56,18:57:56,11698,18
5220_18_35,19:00:04,19:00:04,11699,19
5220_18_35,19:01:02,19:01:02,12902,20
5220_18_35,19:01:40,19:01:40,13256,21
5220_18_35,19:03:10,19:03:10,13367,22
5220_18_35,19:05:05,19:05:05,11985,23
5220_18_35,19:07:26,19:07:26,14500,24
5220_18_35,19:17:38,19:17:38,11987,25
5220_18_35,19:20:48,19:20:48,11988,26
5220_18_35,19:24:49,19:24:49,11989,27
5220_18_35,19:27:26,19:27:26,11990,28
5220_18_35,19:28:06,19:28:06,14674,29
5220_18_35,19:29:17,19:29:17,13520,30
5220_18_35,19:32:17,19:32:17,11648,31
5220_18_35,19:34:32,19:34:32,11649,32
5220_18_35,19:35:23,19:35:23,13521,33
5220_18_35,19:36:11,19:36:11,13522,34
5220_18_35,19:39:57,19:39:57,10430,35
5220_18_35,19:40:22,19:40:22,14589,36
5220_18_35,19:41:33,19:41:33,10431,37
5220_18_35,19:46:10,19:46:10,11564,38
5220_18_35,19:46:45,19:46:45,14541,39
5220_18_35,19:50:21,19:50:21,11658,40
5220_18_35,19:53:54,19:53:54,11659,41
5220_18_35,19:55:26,19:55:26,12758,42
5220_18_35,19:57:46,19:57:46,12759,43
5220_18_35,19:58:31,19:58:31,13523,44
5220_18_35,19:59:39,19:59:39,12986,45
5220_18_35,20:01:06,20:01:06,12987,46
5220_18_35,20:03:35,20:03:35,12988,47
5220_18_35,20:04:28,20:04:28,12989,48
5220_18_35,20:06:04,20:06:04,12990,49
5220_18_35,20:07:41,20:07:41,12991,50
5220_18_35,20:08:45,20:08:45,12992,51
5220_18_35,20:10:25,20:10:25,12993,52
5220_18_35,20:12:21,20:12:21,13516,53
5220_18_35,20:14:18,20:14:18,10943,54
5220_18_35,20:14:55,20:14:55,14675,55
5220_18_35,20:15:19,20:15:19,13524,56
5220_18_35,20:17:30,20:17:30,14178,57
5220_18_35,20:18:26,20:18:26,12256,58
5220_18_35,20:20:10,20:20:10,14676,59
5220_18_35,20:25:39,20:25:39,12258,60
5220_18_35,20:28:14,20:28:14,14677,61
5220_18_35,20:30:37,20:30:37,14678,62
5220_18_35,20:31:21,20:31:21,14679,63
5220_18_35,20:32:17,20:32:17,12262,64
5220_18_35,20:33:51,20:33:51,12263,65
5220_18_35,20:36:37,20:36:37,12264,66
5220_18_35,20:38:24,20:38:24,12265,67
5220_18_35,20:41:11,20:41:11,12266,68
5220_18_35,20:42:34,20:42:34,12267,69
5220_18_35,20:44:33,20:44:33,12268,70
5220_18_35,20:46:10,20:46:10,12269,71
5220_18_35,20:47:42,20:47:42,12270,72
5220_18_35,20:50:52,20:50:52,12271,73
5220_18_35,20:54:20,20:54:20,14680,74
5220_18_35,21:01:09,21:01:09,14681,75
5220_18_35,21:03:32,21:03:32,12487,76
5220_18_35,21:06:56,21:06:56,14682,77
5220_18_35,21:08:26,21:08:26,12488,78
5220_19_35,19:35:00,19:35:00,10060,0
5220_19_35,19:35:08,19:35:08,14590,1
5220_19_35,19:36:43,19:36:43,11475,2
5220_19_35,19:37:24,19:37:24,11476,3
5220_19_35,19:40:46,19:40:46,11477,4
5220_19_35,19:41:44,19:41:44,11478,5
5220_19_35,19:44:15,19:44:15,12962,6
5220_19_35,19:45:30,19:45:30,12963,7
5220_19_35,19:46:12,19:46:12,14196,8
5220_19_35,19:47:07,19:47:07,12964,9
5220_19_35,19:47:38,19:47:38,12965,10
5220_19_35,19:48:36,19:48:36,12966,11
5220_19_35,19:50:03,19:50:03,12642,12
5220_19_35,19:50:59,19:50:59,12643,13
5220_19_35,19:52:05,19:52:05,12644,14
5220_19_35,19:53:30,19:53:30,12645,15
5220_19_35,19:55:16,19:55:16,12646,16
5220_19_35,19:56:35,19:56:35,12647,17
5220_19_35,19:57:56,19:57:56,11698,18
5220_19_35,20:00:04,20:00:04,11699,19
5220_19_35,20:01:02,20:01:02,12902,20
5220_19_35,20:01:40,20:01:40,13256,21
5220_19_35,20:03:10,20:03:10,13367,22
5220_19_35,20:05:05,20:05:05,11985,23
5220_19_35,20:07:26,20:07:26,14500,24
5220_19_35,20:17:38,20:17:38,11987,25
5220_19_35,20:20:48,20:20:48,11988,26
5220_19_35,20:24:49,20:24:49,11989,27
5220_19_35,20:27:26,20:27:26,11990,28
5220_19_35,20:28:06,20:28:06,14674,29
5220_19_35,20:29:17,20:29:17,13520,30
5220_19_35,20:32:17,20:32:17,11648,31
5220_19_35,20:34:32,20:34:32,11649,32
5220_19_35,20:35:23,20:35:23,13521,33
5220_19_35,20:36:11,20:36:11,13522,34
5220_19_35,20:39:57,20:39:57,10430,35
5220_19_35,20:40:22,20:40:22,14589,36
5220_19_35,20:41:33,20:41:33,10431,37
5220_19_35,20:46:10,20:46:10,11564,38
5220_19_35,20:46:45,20:46:45,14541,39
5220_19_35,20:50:21,20:50:21,11658,40
5220_19_35,20:53:54,20:53:54,11659,41
5220_19_35,20:55:26,20:55:26,12758,42
5220_19_35,20:57:46,20:57:46,12759,43
5220_19_35,20:58:31,20:58:31,13523,44
5220_19_35,20:59:39,20:59:39,12986,45
5220_19_35,21:01:06,21:01:06,12987,46
5220_19_35,21:03:35,21:03:35,12988,47
5220_19_35,21:04:28,21:04:28,12989,48
5220_19_35,21:06:04,21:06:04,12990,49
5220_19_35,21:07:41,21:07:41,12991,50
5220_19_35,21:08:45,21:08:45,12992,51
5220_19_35,21:10:25,21:10:25,12993,52
5220_19_35,21:12:21,21:12:21,13516,53
5220_19_35,21:14:18,21:14:18,10943,54
5220_19_35,21:14:55,21:14:55,14675,55
5220_19_35,21:15:19,21:15:19,13524,56
5220_19_35,21:17:30,21:17:30,14178,57
5220_19_35,21:18:26,21:18:26,12256,58
5220_19_35,21:20:10,21:20:10,14676,59
5220_19_35,21:25:39,21:25:39,12258,60
5220_19_35,21:28:14,21:28:14,14677,61
5220_19_35,21:30:37,21:30:37,14678,62
5220_19_35,21:31:21,21:31:21,14679,63
5220_19_35,21:32:17,21:32:17,12262,64
5220_19_35,21:33:51,21:33:51,12263,65
5220_19_35,21:36:37,21:36:37,12264,66
5220_19_35,21:38:24,21:38:24,12265,67
5220_19_35,21:41:11,21:41:11,12266,68
5220_19_35,21:42:34,21:42:34,12267,69
5220_19_35,21:44:33,21:44:33,12268,70
5220_19_35,21:46:10,21:46:10,12269,71
5220_19_35,21:47:42,21:47:42,12270,72
5220_19_35,21:50:52,21:50:52,12271,73
5220_19_35,21:54:20,21:54:20,14680,74
5220_19_35,22:01:09,22:01:09,14681,75
5220_19_35,22:03:32,22:03:32,12487,76
5220_19_35,22:06:56,22:06:56,14682,77
5220_19_35,22:08:26,22:08:26,12488,78
5220_19_55,19:55:00,19:55:00,10060,0
5220_19_55,19:55:08,19:55:08,14590,1
5220_19_55,19:56:43,19:56:43,11475,2
5220_19_55,19:57:24,19:57:24,11476,3
5220_19_55,20:00:46,20:00:46,11477,4
5220_19_55,20:01:44,20:01:44,11478,5
5220_19_55,20:04:15,20:04:15,12962,6
5220_19_55,20:05:30,20:05:30,12963,7
5220_19_55,20:06:12,20:06:12,14196,8
5220_19_55,20:07:07,20:07:07,12964,9
5220_19_55,20:07:38,20:07:38,12965,10
5220_19_55,20:08:36,20:08:36,12966,11
5220_19_55,20:10:03,20:10:03,12642,12
5220_19_55,20:10:59,20:10:59,12643,13
5220_19_55,20:12:05,20:12:05,12644,14
5220_19_55,20:13:30,20:13:30,12645,15
5220_19_55,20:15:16,20:15:16,12646,16
5220_19_55,20:16:35,20:16:35,12647,17
5220_19_55,20:17:56,20:17:56,11698,18
5220_19_55,20:20:04,20:20:04,11699,19
5220_19_55,20:21:02,20:21:02,12902,20
5220_19_55,20:21:40,20:21:40,13256,21
5220_19_55,20:23:10,20:23:10,13367,22
5220_19_55,20:25:05,20:25:05,11985,23
5220_19_55,20:27:26,20:27:26,14500,24
5220_19_55,20:37:38,20:37:38,11987,25
5220_19_55,20:40:48,20:40:48,11988,26
5220_19_55,20:44:49,20:44:49,11989,27
5220_19_55,20:47:26,20:47:26,11990,28
5220_19_55,20:48:06,20:48:06,14674,29
5220_19_55,20:49:17,20:49:17,13520,30
5220_19_55,20:52:17,20:52:17,11648,31
5220_19_55,20:54:32,20:54:32,11649,32
5220_19_55,20:55:23,20:55:23,13521,33
5220_19_55,20:56:11,20:56:11,13522,34
5220_19_55,20:59:57,20:59:57,10430,35
5220_19_55,21:00:22,21:00:22,14589,36
5220_19_55,21:01:33,21:01:33,10431,37
5220_19_55,21:06:10,21:06:10,11564,38
5220_19_55,21:06:45,21:06:45,14541,39
5220_19_55,21:10:21,21:10:21,11658,40
5220_19_55,21:13:54,21:13:54,11659,41
5220_19_55,21:15:26,21:15:26,12758,42
5220_19_55,21:17:46,21:17:46,12759,43
5220_19_55,21:18:31,21:18:31,13523,44
5220_19_55,21:19:39,21:19:39,12986,45
5220_19_55,21:21:06,21:21:06,12987,46
5220_19_55,21:23:35,21:23:35,12988,47
5220_19_55,21:24:28,21:24:28,12989,48
5220_19_55,21:26:04,21:26:04,12990,49
5220_19_55,21:27:41,21:27:41,12991,50
5220_19_55,21:28:45,21:28:45,12992,51
5220_19_55,21:30:25,21:30:25,12993,52
5220_19_55,21:32:21,21:32:21,13516,53
5220_19_55,21:34:18,21:34:18,10943,54
5220_19_55,21:34:55,21:34:55,14675,55
5220_19_55,21:35:19,21:35:19,13524,56
5220_19_55,21:37:30,21:37:30,14178,57
5220_19_55,21:38:26,21:38:26,12256,58
5220_19_55,21:40:10,21:40:10,14676,59
5220_19_55,21:45:39,21:45:39,12258,60
5220_19_55,21:48:14,21:48:14,14677,61
5220_19_55,21:50:37,21:50:37,14678,62
5220_19_55,21:51:21,21:51:21,14679,63
5220_19_55,21:52:17,21:52:17,12262,64
5220_19_55,21:53:51,21:53:51,12263,65
5220_19_55,21:56:37,21:56:37,12264,66
5220_19_55,21:58:24,21:58:24,12265,67
5220_19_55,22:01:11,22:01:11,12266,68
5220_19_55,22:02:34,22:02:34,12267,69
5220_19_55,22:04:33,22:04:33,12268,70
5220_19_55,22:06:10,22:06:10,12269,71
5220_19_55,22:07:42,22:07:42,12270,72
5220_19_55,22:10:52,22:10:52,12271,73
5220_19_55,22:14:20,22:14:20,14680,74
5220_19_55,22:21:09,22:21:09,14681,75
5220_19_55,22:23:32,22:23:32,12487,76
5220_19_55,22:26:56,22:26:56,14682,77
5220_19_55,22:28:26,22:28:26,12488,78
5220_20_05,20:05:00,20:05:00,10060,0
5220_20_05,20:05:08,20:05:08,14590,1
5220_20_05,20:06:43,20:06:43,11475,2
5220_20_05,20:07:24,20:07:24,11476,3
5220_20_05,20:10:46,20:10:46,11477,4
5220_20_05,20:11:44,20:11:44,11478,5
5220_20_05,20:14:15,20:14:15,12962,6
5220_20_05,20:15:30,20:15:30,12963,7
5220_20_05,20:16:12,20:16:12,14196,8
5220_20_05,20:17:07,20:17:07,12964,9
5220_20_05,20:17:38,20:17:38,12965,10
5220_20_05,20:18:36,20:18:36,12966,11
5220_20_05,20:20:03,20:20:03,12642,12
5220_20_05,20:20:59,20:20:59,12643,13
5220_20_05,20:22:05,20:22:05,12644,14
5220_20_05,20:23:30,20:23:30,12645,15
5220_20_05,20:25:16,20:25:16,12646,16
5220_20_05,20:26:35,20:26:35,12647,17
5220_20_05,20:27:56,20:27:56,11698,18
5220_20_05,20:30:04,20:30:04,11699,19
5220_20_05,20:31:02,20:31:02,12902,20
5220_20_05,20:31:40,20:31:40,13256,21
5220_20_05,20:33:10,20:33:10,13367,22
5220_20_05,20:35:05,20:35:05,11985,23
5220_20_05,20:37:26,20:37:26,14500,24
5220_20_05,20:47:38,20:47:38,11987,25
5220_20_05,20:50:48,20:50:48,11988,26
5220_20_05,20:54:49,20:54:49,11989,27
5220_20_05,20:57:26,20:57:26,11990,28
5220_20_05,20:58:06,20:58:06,14674,29
5220_20_05,20:59:17,20:59:17,13520,30
5220_20_05,21:02:17,21:02:17,11648,31
5220_20_05,21:04:32,21:04:32,11649,32
5220_20_05,21:05:23,21:05:23,13521,33
5220_20_05,21:06:11,21:06:11,13522,34
5220_20_05,21:09:57,21:09:57,10430,35
5220_20_05,21:10:22,21:10:22,14589,36
5220_20_05,21:11:33,21:11:33,10431,37
5220_20_05,21:16:10,21:16:10,11564,38
5220_20_05,21:16:45,21:16:45,14541,39
5220_20_05,21:20:21,21:20:21,11658,40
5220_20_05,21:23:54,21:23:54,11659,41
5220_20_05,21:25:26,21:25:26,12758,42
5220_20_05,21:27:46,21:27:46,12759,43
5220_20_05,21:28:31,21:28:31,13523,44
5220_20_05,21:29:39,21:29:39,12986,45
5220_20_05,21:31:06,21:31:06,12987,46
5220_20_05,21:33:35,21:33:35,12988,47
5220_20_05,21:34:28,21:34:28,12989,48
5220_20_05,21:36:04,21:36:04,12990,49
5220_20_05,21:37:41,21:37:41,12991,50
5220_20_05,21:38:45,21:38:45,12992,51
5220_20_05,21:40:25,21:40:25,12993,52
5220_20_05,21:42:21,21:42:21,13516,53
5220_20_05,21:44:18,21:44:18,10943,54
5220_20_05,21:44:55,21:44:55,14675,55
5220_20_05,21:45:19,21:45:19,13524,56
5220_20_05,21:47:30,21:47:30,14178,57
5220_20_05,21:48:26,21:48:26,12256,58
5220_20_05,21:50:10,21:50:10,14676,59
5220_20_05,21:55:39,21:55:39,12258,60
5220_20_05,21:58:14,21:58:14,14677,61
5220_20_05,22:00:37,22:00:37,14678,62
5220_20_05,22:01:21,22:01:21,14679,63
5220_20_05,22:02:17,22:02:17,12262,64
5220_20_05,22:03:51,22:03:51,12263,65
5220_20_05,22:06:37,22:06:37,12264,66
5220_20_05,22:08:24,22:08:24,12265,67
5220_20_05,22:11:11,22:11:11,12266,68
5220_20_05,22:12:34,22:12:34,12267,69
5220_20_05,22:14:33,22:14:33,12268,70
5220_20_05,22:16:10,22:16:10,12269,71
5220_20_05,22:17:42,22:17:42,12270,72
5220_20_05,22:20:52,22:20:52,12271,73
5220_20_05,22:24:20,22:24:20,14680,74
5220_20_05,22:31:09,22:31:09,14681,75
5220_20_05,22:33:32,22:33:32,12487,76
5220_20_05,22:36:56,22:36:56,14682,77
5220_20_05,22:38:26,22:38:26,12488,78
5220_20_20,20:20:00,20:20:00,10060,0
5220_20_20,20:20:08,20:20:08,14590,1
5220_20_20,20:21:43,20:21:43,11475,2
5220_20_20,20:22:24,20:22:24,11476,3
5220_20_20,20:25:46,20:25:46,11477,4
5220_20_20,20:26:44,20:26:44,11478,5
5220_20_20,20:29:15,20:29:15,12962,6
5220_20_20,20:30:30,20:30:30,12963,7
5220_20_20,20:31:12,20:31:12,14196,8
5220_20_20,20:32:07,20:32:07,12964,9
5220_20_20,20:32:38,20:32:38,12965,10
5220_20_20,20:33:36,20:33:36,12966,11
5220_20_20,20:35:03,20:35:03,12642,12
5220_20_20,20:35:59,20:35:59,12643,13
5220_20_20,20:37:05,20:37:05,12644,14
5220_20_20,20:38:30,20:38:30,12645,15
5220_20_20,20:40:16,20:40:16,12646,16
5220_20_20,20:41:35,20:41:35,12647,17
5220_20_20,20:42:56,20:42:56,11698,18
5220_20_20,20:45:04,20:45:04,11699,19
5220_20_20,20:46:02,20:46:02,12902,20
5220_20_20,20:46:40,20:46:40,13256,21
5220_20_20,20:48:10,20:48:10,13367,22
5220_20_20,20:50:05,20:50:05,11985,23
5220_20_20,20:52:26,20:52:26,14500,24
5220_20_20,21:02:38,21:02:38,11987,25
5220_20_20,21:05:48,21:05:48,11988,26
5220_20_20,21:09:49,21:09:49,11989,27
5220_20_20,21:12:26,21:12:26,11990,28
5220_20_20,21:13:06,21:13:06,14674,29
5220_20_20,21:14:17,21:14:17,13520,30
5220_20_20,21:17:17,21:17:17,11648,31
5220_20_20,21:19:32,21:19:32,11649,32
5220_20_20,21:20:23,21:20:23,13521,33
5220_20_20,21:21:11,21:21:11,13522,34
5220_20_20,21:24:57,21:24:57,10430,35
5220_20_20,21:25:22,21:25:22,14589,36
5220_20_20,21:26:33,21:26:33,10431,37
5220_20_20,21:31:10,21:31:10,11564,38
5220_20_20,21:31:45,21:31:45,14541,39
5220_20_20,21:35:21,21:35:21,11658,40
5220_20_20,21:38:54,21:38:54,11659,41
5220_20_20,21:40:26,21:40:26,12758,42
5220_20_20,21:42:46,21:42:46,12759,43
5220_20_20,21:43:31,21:43:31,13523,44
5220_20_20,21:44:39,21:44:39,12986,45
5220_20_20,21:46:06,21:46:06,12987,46
5220_20_20,21:48:35,21:48:35,12988,47
5220_20_20,21:49:28,21:49:28,12989,48
5220_20_20,21:51:04,21:51:04,12990,49
5220_20_20,21:52:41,21:52:41,12991,50
5220_20_20,21:53:45,21:53:45,12992,51
5220_20_20,21:55:25,21:55:25,12993,52
5220_20_20,21:57:21,21:57:21,13516,53
5220_20_20,21:59:18,21:59:18,10943,54
5220_20_20,21:59:55,21:59:55,14675,55
5220_20_20,22:00:19,22:00:19,13524,56
5220_20_20,22:02:30,22:02:30,14178,57
5220_20_20,22:03:26,22:03:26,12256,58
5220_20_20,22:05:10,22:05:10,14676,59
5220_20_20,22:10:39,22:10:39,12258,60
5220_20_20,22:13:14,22:13:14,14677,61
5220_20_20,22:15:37,22:15:37,14678,62
5220_20_20,22:16:21,22:16:21,14679,63
5220_20_20,22:17:17,22:17:17,12262,64
5220_20_20,22:18:51,22:18:51,12263,65
5220_20_20,22:21:37,22:21:37,12264,66
5220_20_20,22:23:24,22:23:24,12265,67
5220_20_20,22:26:11,22:26:11,12266,68
5220_20_20,22:27:34,22:27:34,12267,69
5220_20_20,22:29:33,22:29:33,12268,70
5220_20_20,22:31:10,22:31:10,12269,71
5220_20_20,22:32:42,22:32:42,12270,72
5220_20_20,22:35:52,22:35:52,12271,73
5220_20_20,22:39:20,22:39:20,14680,74
5220_20_20,22:46:09,22:46:09,14681,75
5220_20_20,22:48:32,22:48:32,12487,76
5220_20_20,22:51:56,22:51:56,14682,77
5220_20_20,22:53:26,22:53:26,12488,78
5220_20_30,20:30:00,20:30:00,10060,0
5220_20_30,20:30:08,20:30:08,14590,1
5220_20_30,20:31:43,20:31:43,11475,2
5220_20_30,20:32:24,20:32:24,11476,3
5220_20_30,20:35:46,20:35:46,11477,4
5220_20_30,20:36:44,20:36:44,11478,5
5220_20_30,20:39:15,20:39:15,12962,6
5220_20_30,20:40:30,20:40:30,12963,7
5220_20_30,20:41:12,20:41:12,14196,8
5220_20_30,20:42:07,20:42:07,12964,9
5220_20_30,20:42:38,20:42:38,12965,10
5220_20_30,20:43:36,20:43:36,12966,11
5220_20_30,20:45:03,20:45:03,12642,12
5220_20_30,20:45:59,20:45:59,12643,13
5220_20_30,20:47:05,20:47:05,12644,14
5220_20_30,20:48:30,20:48:30,12645,15
5220_20_30,20:50:16,20:50:16,12646,16
5220_20_30,20:51:35,20:51:35,12647,17
5220_20_30,20:52:56,20:52:56,11698,18
5220_20_30,20:55:04,20:55:04,11699,19
5220_20_30,20:56:02,20:56:02,12902,20
5220_20_30,20:56:40,20:56:40,13256,21
5220_20_30,20:58:10,20:58:10,13367,22
5220_20_30,21:00:05,21:00:05,11985,23
5220_20_30,21:02:26,21:02:26,14500,24
5220_20_30,21:12:38,21:12:38,11987,25
5220_20_30,21:15:48,21:15:48,11988,26
5220_20_30,21:19:49,21:19:49,11989,27
5220_20_30,21:22:26,21:22:26,11990,28
5220_20_30,21:23:06,21:23:06,14674,29
5220_20_30,21:24:17,21:24:17,13520,30
5220_20_30,21:27:17,21:27:17,11648,31
5220_20_30,21:29:32,21:29:32,11649,32
5220_20_30,21:30:23,21:30:23,13521,33
5220_20_30,21:31:11,21:31:11,13522,34
5220_20_30,21:34:57,21:34:57,10430,35
5220_20_30,21:35:22,21:35:22,14589,36
5220_20_30,21:36:33,21:36:33,10431,37
5220_20_30,21:41:10,21:41:10,11564,38
5220_20_30,21:41:45,21:41:45,14541,39
5220_20_30,21:45:21,21:45:21,11658,40
5220_20_30,21:48:54,21:48:54,11659,41
5220_20_30,21:50:26,21:50:26,12758,42
5220_20_30,21:52:46,21:52:46,12759,43
5220_20_30,21:53:31,21:53:31,13523,44
5220_20_30,21:54:39,21:54:39,12986,45
5220_20_30,21:56:06,21:56:06,12987,46
5220_20_30,21:58:35,21:58:35,12988,47
5220_20_30,21:59:28,21:59:28,12989,48
5220_20_30,22:01:04,22:01:04,12990,49
5220_20_30,22:02:41,22:02:41,12991,50
5220_20_30,22:03:45,22:03:45,12992,51
5220_20_30,22:05:25,22:05:25,12993,52
5220_20_30,22:07:21,22:07:21,13516,53
5220_20_30,22:09:18,22:09:18,10943,54
5220_20_30,22:09:55,22:09:55,14675,55
5220_20_30,22:10:19,22:10:19,13524,56
5220_20_30,22:12:30,22:12:30,14178,57
5220_20_30,22:13:26,22:13:26,12256,58
5220_20_30,22:15:10,22:15:10,14676,59
5220_20_30,22:20:39,22:20:39,12258,60
5220_20_30,22:23:14,22:23:14,14677,61
5220_20_30,22:25:37,22:25:37,14678,62
5220_20_30,22:26:21,22:26:21,14679,63
5220_20_30,22:27:17,22:27:17,12262,64
5220_20_30,22:28:51,22:28:51,12263,65
5220_20_30,22:31:37,22:31:37,12264,66
5220_20_30,22:33:24,22:33:24,12265,67
5220_20_30,22:36:11,22:36:11,12266,68
5220_20_30,22:37:34,22:37:34,12267,69
5220_20_30,22:39:33,22:39:33,12268,70
5220_20_30,22:41:10,22:41:10,12269,71
5220_20_30,22:42:42,22:42:42,12270,72
5220_20_30,22:45:52,22:45:52,12271,73
5220_20_30,22:49:20,22:49:20,14680,74
5220_20_30,22:56:09,22:56:09,14681,75
5220_20_30,22:58:32,22:58:32,12487,76
5220_20_30,23:01:56,23:01:56,14682,77
5220_20_30,23:03:26,23:03:26,12488,78
5220_20_35,20:35:00,20:35:00,10060,0
5220_20_35,20:35:08,20:35:08,14590,1
5220_20_35,20:36:43,20:36:43,11475,2
5220_20_35,20:37:24,20:37:24,11476,3
5220_20_35,20:40:46,20:40:46,11477,4
5220_20_35,20:41:44,20:41:44,11478,5
5220_20_35,20:44:15,20:44:15,12962,6
5220_20_35,20:45:30,20:45:30,12963,7
5220_20_35,20:46:12,20:46:12,14196,8
5220_20_35,20:47:07,20:47:07,12964,9
5220_20_35,20:47:38,20:47:38,12965,10
5220_20_35,20:48:36,20:48:36,12966,11
5220_20_35,20:50:03,20:50:03,12642,12
5220_20_35,20:50:59,20:50:59,12643,13
5220_20_35,20:52:05,20:52:05,12644,14
5220_20_35,20:53:30,20:53:30,12645,15
5220_20_35,20:55:16,20:55:16,12646,16
5220_20_35,20:56:35,20:56:35,12647,17
5220_20_35,20:57:56,20:57:56,11698,18
5220_20_35,21:00:04,21:00:04,11699,19
5220_20_35,21:01:02,21:01:02,12902,20
5220_20_35,21:01:40,21:01:40,13256,21
5220_20_35,21:03:10,21:03:10,13367,22
5220_20_35,21:05:05,21:05:05,11985,23
5220_20_35,21:07:26,21:07:26,14500,24
5220_20_35,21:17:38,21:17:38,11987,25
5220_20_35,21:20:48,21:20:48,11988,26
5220_20_35,21:24:49,21:24:49,11989,27
5220_20_35,21:27:26,21:27:26,11990,28
5220_20_35,21:28:06,21:28:06,14674,29
5220_20_35,21:29:17,21:29:17,13520,30
5220_20_35,21:32:17,21:32:17,11648,31
5220_20_35,21:34:32,21:34:32,11649,32
5220_20_35,21:35:23,21:35:23,13521,33
5220_20_35,21:36:11,21:36:11,13522,34
5220_20_35,21:39:57,21:39:57,10430,35
5220_20_35,21:40:22,21:40:22,14589,36
5220_20_35,21:41:33,21:41:33,10431,37
5220_20_35,21:46:10,21:46:10,11564,38
5220_20_35,21:46:45,21:46:45,14541,39
5220_20_35,21:50:21,21:50:21,11658,40
5220_20_35,21:53:54,21:53:54,11659,41
5220_20_35,21:55:26,21:55:26,12758,42
5220_20_35,21:57:46,21:57:46,12759,43
5220_20_35,21:58:31,21:58:31,13523,44
5220_20_35,21:59:39,21:59:39,12986,45
5220_20_35,22:01:06,22:01:06,12987,46
5220_20_35,22:03:35,22:03:35,12988,47
5220_20_35,22:04:28,22:04:28,12989,48
5220_20_35,22:06:04,22:06:04,12990,49
5220_20_35,22:07:41,22:07:41,12991,50
5220_20_35,22:08:45,22:08:45,12992,51
5220_20_35,22:10:25,22:10:25,12993,52
5220_20_35,22:12:21,22:12:21,13516,53
5220_20_35,22:14:18,22:14:18,10943,54
5220_20_35,22:14:55,22:14:55,14675,55
5220_20_35,22:15:19,22:15:19,13524,56
5220_20_35,22:17:30,22:17:30,14178,57
5220_20_35,22:18:26,22:18:26,12256,58
5220_20_35,22:20:10,22:20:10,14676,59
5220_20_35,22:25:39,22:25:39,12258,60
5220_20_35,22:28:14,22:28:14,14677,61
5220_20_35,22:30:37,22:30:37,14678,62
5220_20_35,22:31:21,22:31:21,14679,63
5220_20_35,22:32:17,22:32:17,12262,64
5220_20_35,22:33:51,22:33:51,12263,65
5220_20_35,22:36:37,22:36:37,12264,66
5220_20_35,22:38:24,22:38:24,12265,67
5220_20_35,22:41:11,22:41:11,12266,68
5220_20_35,22:42:34,22:42:34,12267,69
5220_20_35,22:44:33,22:44:33,12268,70
5220_20_35,22:46:10,22:46:10,12269,71
5220_20_35,22:47:42,22:47:42,12270,72
5220_20_35,22:50:52,22:50:52,12271,73
5220_20_35,22:54:20,22:54:20,14680,74
5220_20_35,23:01:09,23:01:09,14681,75
5220_20_35,23:03:32,23:03:32,12487,76
5220_20_35,23:06:56,23:06:56,14682,77
5220_20_35,23:08:26,23:08:26,12488,78
5220_20_40,20:40:00,20:40:00,10060,0
5220_20_40,20:40:08,20:40:08,14590,1
5220_20_40,20:41:43,20:41:43,11475,2
5220_20_40,20:42:24,20:42:24,11476,3
5220_20_40,20:45:46,20:45:46,11477,4
5220_20_40,20:46:44,20:46:44,11478,5
5220_20_40,20:49:15,20:49:15,12962,6
5220_20_40,20:50:30,20:50:30,12963,7
5220_20_40,20:51:12,20:51:12,14196,8
5220_20_40,20:52:07,20:52:07,12964,9
5220_20_40,20:52:38,20:52:38,12965,10
5220_20_40,20:53:36,20:53:36,12966,11
5220_20_40,20:55:03,20:55:03,12642,12
5220_20_40,20:55:59,20:55:59,12643,13
5220_20_40,20:57:05,20:57:05,12644,14
5220_20_40,20:58:30,20:58:30,12645,15
5220_20_40,21:00:16,21:00:16,12646,16
5220_20_40,21:01:35,21:01:35,12647,17
5220_20_40,21:02:56,21:02:56,11698,18
5220_20_40,21:05:04,21:05:04,11699,19
5220_20_40,21:06:02,21:06:02,12902,20
5220_20_40,21:06:40,21:06:40,13256,21
5220_20_40,21:08:10,21:08:10,13367,22
5220_20_40,21:10:05,21:10:05,11985,23
5220_20_40,21:12:26,21:12:26,14500,24
5220_20_40,21:22:38,21:22:38,11987,25
5220_20_40,21:25:48,21:25:48,11988,26
5220_20_40,21:29:49,21:29:49,11989,27
5220_20_40,21:32:26,21:32:26,11990,28
5220_20_40,21:33:06,21:33:06,14674,29
5220_20_40,21:34:17,21:34:17,13520,30
5220_20_40,21:37:17,21:37:17,11648,31
5220_20_40,21:39:32,21:39:32,11649,32
5220_20_40,21:40:23,21:40:23,13521,33
5220_20_40,21:41:11,21:41:11,13522,34
5220_20_40,21:44:57,21:44:57,10430,35
5220_20_40,21:45:22,21:45:22,14589,36
5220_20_40,21:46:33,21:46:33,10431,37
5220_20_40,21:51:10,21:51:10,11564,38
5220_20_40,21:51:45,21:51:45,14541,39
5220_20_40,21:55:21,21:55:21,11658,40
5220_20_40,21:58:54,21:58:54,11659,41
5220_20_40,22:00:26,22:00:26,12758,42
5220_20_40,22:02:46,22:02:46,12759,43
5220_20_40,22:03:31,22:03:31,13523,44
5220_20_40,22:04:39,22:04:39,12986,45
5220_20_40,22:06:06,22:06:06,12987,46
5220_20_40,22:08:35,22:08:35,12988,47
5220_20_40,22:09:28,22:09:28,12989,48
5220_20_40,22:11:04,22:11:04,12990,49
5220_20_40,22:12:41,22:12:41,12991,50
5220_20_40,22:13:45,22:13:45,12992,51
5220_20_40,22:15:25,22:15:25,12993,52
5220_20_40,22:17:21,22:17:21,13516,53
5220_20_40,22:19:18,22:19:18,10943,54
5220_20_40,22:19:55,22:19:55,14675,55
5220_20_40,22:20:19,22:20:19,13524,56
5220_20_40,22:22:30,22:22:30,14178,57
5220_20_40,22:23:26,22:23:26,12256,58
5220_20_40,22:25:10,22:25:10,14676,59
5220_20_40,22:30:39,22:30:39,12258,60
5220_20_40,22:33:14,22:33:14,14677,61
5220_20_40,22:35:37,22:35:37,14678,62
5220_20_40,22:36:21,22:36:21,14679,63
5220_20_40,22:37:17,22:37:17,12262,64
5220_20_40,22:38:51,22:38:51,12263,65
5220_20_40,22:41:37,22:41:37,12264,66
5220_20_40,22:43:24,22:43:24,12265,67
5220_20_40,22:46:11,22:46:11,12266,68
5220_20_40,22:47:34,22:47:34,12267,69
5220_20_40,22:49:33,22:49:33,12268,70
5220_20_40,22:51:10,22:51:10,12269,71
5220_20_40,22:52:42,22:52:42,12270,72
5220_20_40,22:55:52,22:55:52,12271,73
5220_20_40,22:59:20,22:59:20,14680,74
5220_20_40,23:06:09,23:06:09,14681,75
5220_20_40,23:08:32,23:08:32,12487,76
5220_20_40,23:11:56,23:11:56,14682,77
5220_20_40,23:13:26,23:13:26,12488,78
5220_20_50,20:50:00,20:50:00,10060,0
5220_20_50,20:50:08,20:50:08,14590,1
5220_20_50,20:51:43,20:51:43,11475,2
5220_20_50,20:52:24,20:52:24,11476,3
5220_20_50,20:55:46,20:55:46,11477,4
5220_20_50,20:56:44,20:56:44,11478,5
5220_20_50,20:59:15,20:59:15,12962,6
5220_20_50,21:00:30,21:00:30,12963,7
5220_20_50,21:01:12,21:01:12,14196,8
5220_20_50,21:02:07,21:02:07,12964,9
5220_20_50,21:02:38,21:02:38,12965,10
5220_20_50,21:03:36,21:03:36,12966,11
5220_20_50,21:05:03,21:05:03,12642,12
5220_20_50,21:05:59,21:05:59,12643,13
5220_20_50,21:07:05,21:07:05,12644,14
5220_20_50,21:08:30,21:08:30,12645,15
5220_20_50,21:10:16,21:10:16,12646,16
5220_20_50,21:11:35,21:11:35,12647,17
5220_20_50,21:12:56,21:12:56,11698,18
5220_20_50,21:15:04,21:15:04,11699,19
5220_20_50,21:16:02,21:16:02,12902,20
5220_20_50,21:16:40,21:16:40,13256,21
5220_20_50,21:18:10,21:18:10,13367,22
5220_20_50,21:20:05,21:20:05,11985,23
5220_20_50,21:22:26,21:22:26,14500,24
5220_20_50,21:32:38,21:32:38,11987,25
5220_20_50,21:35:48,21:35:48,11988,26
5220_20_50,21:39:49,21:39:49,11989,27
5220_20_50,21:42:26,21:42:26,11990,28
5220_20_50,21:43:06,21:43:06,14674,29
5220_20_50,21:44:17,21:44:17,13520,30
5220_20_50,21:47:17,21:47:17,11648,31
5220_20_50,21:49:32,21:49:32,11649,32
5220_20_50,21:50:23,21:50:23,13521,33
5220_20_50,21:51:11,21:51:11,13522,34
5220_20_50,21:54:57,21:54:57,10430,35
5220_20_50,21:55:22,21:55:22,14589,36
5220_20_50,21:56:33,21:56:33,10431,37
5220_20_50,22:01:10,22:01:10,11564,38
5220_20_50,22:01:45,22:01:45,14541,39
5220_20_50,22:05:21,22:05:21,11658,40
5220_20_50,22:08:54,22:08:54,11659,41
5220_20_50,22:10:26,22:10:26,12758,42
5220_20_50,22:12:46,22:12:46,12759,43
5220_20_50,22:13:31,22:13:31,13523,44
5220_20_50,22:14:39,22:14:39,12986,45
5220_20_50,22:16:06,22:16:06,12987,46
5220_20_50,22:18:35,22:18:35,12988,47
5220_20_50,22:19:28,22:19:28,12989,48
5220_20_50,22:21:04,22:21:04,12990,49
5220_20_50,22:22:41,22:22:41,12991,50
5220_20_50,22:23:45,22:23:45,12992,51
5220_20_50,22:25:25,22:25:25,12993,52
5220_20_50,22:27:21,22:27:21,13516,53
5220_20_50,22:29:18,22:29:18,10943,54
5220_20_50,22:29:55,22:29:55,14675,55
5220_20_50,22:30:19,22:30:19,13524,56
5220_20_50,22:32:30,22:32:30,14178,57
5220_20_50,22:33:26,22:33:26,12256,58
5220_20_50,22:35:10,22:35:10,14676,59
5220_20_50,22:40:39,22:40:39,12258,60
5220_20_50,22:43:14,22:43:14,14677,61
5220_20_50,22:45:37,22:45:37,14678,62
5220_20_50,22:46:21,22:46:21,14679,63
5220_20_50,22:47:17,22:47:17,12262,64
5220_20_50,22:48:51,22:48:51,12263,65
5220_20_50,22:51:37,22:51:37,12264,66
5220_20_50,22:53:24,22:53:24,12265,67
5220_20_50,22:56:11,22:56:11,12266,68
5220_20_50,22:57:34,22:57:34,12267,69
5220_20_50,22:59:33,22:59:33,12268,70
5220_20_50,23:01:10,23:01:10,12269,71
5220_20_50,23:02:42,23:02:42,12270,72
5220_20_50,23:05:52,23:05:52,12271,73
5220_20_50,23:09:20,23:09:20,14680,74
5220_20_50,23:16:09,23:16:09,14681,75
5220_20_50,23:18:32,23:18:32,12487,76
5220_20_50,23:21:56,23:21:56,14682,77
5220_20_50,23:23:26,23:23:26,12488,78
5220_23_50,23:50:00,23:50:00,10060,0
5220_23_50,23:50:08,23:50:08,14590,1
5220_23_50,23:51:43,23:51:43,11475,2
5220_23_50,23:52:24,23:52:24,11476,3
5220_23_50,23:55:46,23:55:46,11477,4
5220_23_50,23:56:44,23:56:44,11478,5
5220_23_50,23:59:15,23:59:15,12962,6
5220_23_50,24:00:30,24:00:30,12963,7
5220_23_50,24:01:12,24:01:12,14196,8
5220_23_50,24:02:07,24:02:07,12964,9
5220_23_50,24:02:38,24:02:38,12965,10
5220_23_50,24:03:36,24:03:36,12966,11
5220_23_50,24:05:03,24:05:03,12642,12
5220_23_50,24:05:59,24:05:59,12643,13
5220_23_50,24:07:05,24:07:05,12644,14
5220_23_50,24:08:30,24:08:30,12645,15
5220_23_50,24:10:16,24:10:16,12646,16
5220_23_50,24:11:35,24:11:35,12647,17
5220_23_50,24:12:56,24:12:56,11698,18
5220_23_50,24:15:04,24:15:04,11699,19
5220_23_50,24:16:02,24:16:02,12902,20
5220_23_50,24:16:40,24:16:40,13256,21
5220_23_50,24:18:10,24:18:10,13367,22
5220_23_50,24:20:05,24:20:05,11985,23
5220_23_50,24:22:26,24:22:26,14500,24
5220_23_50,24:32:38,24:32:38,11987,25
5220_23_50,24:35:48,24:35:48,11988,26
5220_23_50,24:39:49,24:39:49,11989,27
5220_23_50,24:42:26,24:42:26,11990,28
5220_23_50,24:43:06,24:43:06,14674,29
5220_23_50,24:44:17,24:44:17,13520,30
5220_23_50,24:47:17,24:47:17,11648,31
5220_23_50,24:49:32,24:49:32,11649,32
5220_23_50,24:50:23,24:50:23,13521,33
5220_23_50,24:51:11,24:51:11,13522,34
5220_23_50,24:54:57,24:54:57,10430,35
5220_23_50,24:55:22,24:55:22,14589,36
5220_23_50,24:56:33,24:56:33,10431,37
5220_23_50,25:01:10,25:01:10,11564,38
5220_23_50,25:01:45,25:01:45,14541,39
5220_23_50,25:05:21,25:05:21,11658,40
5220_23_50,25:08:54,25:08:54,11659,41
5220_23_50,25:10:26,25:10:26,12758,42
5220_23_50,25:12:46,25:12:46,12759,43
5220_23_50,25:13:31,25:13:31,13523,44
5220_23_50,25:14:39,25:14:39,12986,45
5220_23_50,25:16:06,25:16:06,12987,46
5220_23_50,25:18:35,25:18:35,12988,47
5220_23_50,25:19:28,25:19:28,12989,48
5220_23_50,25:21:04,25:21:04,12990,49
5220_23_50,25:22:41,25:22:41,12991,50
5220_23_50,25:23:45,25:23:45,12992,51
5220_23_50,25:25:25,25:25:25,12993,52
5220_23_50,25:27:21,25:27:21,13516,53
5220_23_50,25:29:18,25:29:18,10943,54
5220_23_50,25:29:55,25:29:55,14675,55
5220_23_50,25:30:19,25:30:19,13524,56
5220_23_50,25:32:30,25:32:30,14178,57
5220_23_50,25:33:26,25:33:26,12256,58
5220_23_50,25:35:10,25:35:10,14676,59
5220_23_50,25:40:39,25:40:39,12258,60
5220_23_50,25:43:14,25:43:14,14677,61
5220_23_50,25:45:37,25:45:37,14678,62
5220_23_50,25:46:21,25:46:21,14679,63
5220_23_50,25:47:17,25:47:17,12262,64
5220_23_50,25:48:51,25:48:51,12263,65
5220_23_50,25:51:37,25:51:37,12264,66
5220_23_50,25:53:24,25:53:24,12265,67
5220_23_50,25:56:11,25:56:11,12266,68
5220_23_50,25:57:34,25:57:34,12267,69
5220_23_50,25:59:33,25:59:33,12268,70
5220_23_50,26:01:10,26:01:10,12269,71
5220_23_50,26:02:42,26:02:42,12270,72
5220_23_50,26:05:52,26:05:52,12271,73
5220_23_50,26:09:20,26:09:20,14680,74
5220_23_50,26:16:09,26:16:09,14681,75
5220_23_50,26:18:32,26:18:32,12487,76
5220_23_50,26:21:56,26:21:56,14682,77
5220_23_50,26:23:26,26:23:26,12488,78
5220_23_55,23:55:00,23:55:00,10060,0
5220_23_55,23:55:08,23:55:08,14590,1
5220_23_55,23:56:43,23:56:43,11475,2
5220_23_55,23:57:24,23:57:24,11476,3
5220_23_55,24:00:46,24:00:46,11477,4
5220_23_55,24:01:44,24:01:44,11478,5
5220_23_55,24:04:15,24:04:15,12962,6
5220_23_55,24:05:30,24:05:30,12963,7
5220_23_55,24:06:12,24:06:12,14196,8
5220_23_55,24:07:07,24:07:07,12964,9
5220_23_55,24:07:38,24:07:38,12965,10
5220_23_55,24:08:36,24:08:36,12966,11
5220_23_55,24:10:03,24:10:03,12642,12
5220_23_55,24:10:59,24:10:59,12643,13
5220_23_55,24:12:05,24:12:05,12644,14
5220_23_55,24:13:30,24:13:30,12645,15
5220_23_55,24:15:16,24:15:16,12646,16
5220_23_55,24:16:35,24:16:35,12647,17
5220_23_55,24:17:56,24:17:56,11698,18
5220_23_55,24:20:04,24:20:04,11699,19
5220_23_55,24:21:02,24:21:02,12902,20
5220_23_55,24:21:40,24:21:40,13256,21
5220_23_55,24:23:10,24:23:10,13367,22
5220_23_55,24:25:05,24:25:05,11985,23
5220_23_55,24:27:26,24:27:26,14500,24
5220_23_55,24:37:38,24:37:38,11987,25
5220_23_55,24:40:48,24:40:48,11988,26
5220_23_55,24:44:49,24:44:49,11989,27
5220_23_55,24:47:26,24:47:26,11990,28
5220_23_55,24:48:06,24:48:06,14674,29
5220_23_55,24:49:17,24:49:17,13520,30
5220_23_55,24:52:17,24:52:17,11648,31
5220_23_55,24:54:32,24:54:32,11649,32
5220_23_55,24:55:23,24:55:23,13521,33
5220_23_55,24:56:11,24:56:11,13522,34
5220_23_55,24:59:57,24:59:57,10430,35
5220_23_55,25:00:22,25:00:22,14589,36
5220_23_55,25:01:33,25:01:33,10431,37
5220_23_55,25:06:10,25:06:10,11564,38
5220_23_55,25:06:45,25:06:45,14541,39
5220_23_55,25:10:21,25:10:21,11658,40
5220_23_55,25:13:54,25:13:54,11659,41
5220_23_55,25:15:26,25:15:26,12758,42
5220_23_55,25:17:46,25:17:46,12759,43
5220_23_55,25:18:31,25:18:31,13523,44
5220_23_55,25:19:39,25:19:39,12986,45
5220_23_55,25:21:06,25:21:06,12987,46
5220_23_55,25:23:35,25:23:35,12988,47
5220_23_55,25:24:28,25:24:28,12989,48
5220_23_55,25:26:04,25:26:04,12990,49
5220_23_55,25:27:41,25:27:41,12991,50
5220_23_55,25:28:45,25:28:45,12992,51
5220_23_55,25:30:25,25:30:25,12993,52
5220_23_55,25:32:21,25:32:21,13516,53
5220_23_55,25:34:18,25:34:18,10943,54
5220_23_55,25:34:55,25:34:55,14675,55
5220_23_55,25:35:19,25:35:19,13524,56
5220_23_55,25:37:30,25:37:30,14178,57
5220_23_55,25:38:26,25:38:26,12256,58
5220_23_55,25:40:10,25:40:10,14676,59
5220_23_55,25:45:39,25:45:39,12258,60
5220_23_55,25:48:14,25:48:14,14677,61
5220_23_55,25:50:37,25:50:37,14678,62
5220_23_55,25:51:21,25:51:21,14679,63
5220_23_55,25:52:17,25:52:17,12262,64
5220_23_55,25:53:51,25:53:51,12263,65
5220_23_55,25:56:37,25:56:37,12264,66
5220_23_55,25:58:24,25:58:24,12265,67
5220_23_55,26:01:11,26:01:11,12266,68
5220_23_55,26:02:34,26:02:34,12267,69
5220_23_55,26:04:33,26:04:33,12268,70
5220_23_55,26:06:10,26:06:10,12269,71
5220_23_55,26:07:42,26:07:42,12270,72
5220_23_55,26:10:52,26:10:52,12271,73
5220_23_55,26:14:20,26:14:20,14680,74
5220_23_55,26:21:09,26:21:09,14681,75
5220_23_55,26:23:32,26:23:32,12487,76
5220_23_55,26:26:56,26:26:56,14682,77
5220_23_55,26:28:26,26:28:26,12488,78
5372_00_15,00:15:00,00:15:00,10717,0
5372_00_15,00:21:35,00:21:35,10718,1
5372_00_15,00:22:56,00:22:56,10719,2
5372_00_15,00:24:30,00:24:30,10720,3
5372_00_15,00:28:38,00:28:38,10721,4
5372_00_15,00:30:07,00:30:07,10722,5
5372_00_15,00:32:21,00:32:21,10723,6
5372_00_15,00:33:22,00:33:22,10724,7
5372_00_15,00:36:56,00:36:56,10725,8
5372_00_15,00:43:48,00:43:48,10100,9
5372_00_15,00:47:30,00:47:30,10727,10
5372_00_15,00:50:39,00:50:39,14351,11
5372_00_15,00:52:01,00:52:01,10729,12
5372_00_15,00:54:02,00:54:02,10730,13
5372_00_15,00:57:39,00:57:39,10732,14
5372_00_15,00:59:09,00:59:09,10731,15
5372_00_15,01:09:21,01:09:21,10279,16
5372_00_15,01:12:12,01:12:12,10624,17
5372_00_15,01:13:55,01:13:55,10625,18
5372_00_15,01:16:18,01:16:18,10626,19
5372_00_15,01:17:03,01:17:03,13497,20
5372_00_15,01:19:29,01:19:29,10737,21
5372_00_15,01:20:31,01:20:31,14393,22
5372_00_15,01:21:08,01:21:08,10738,23
5372_00_15,01:23:13,01:23:13,10739,24
5372_00_15,01:25:07,01:25:07,10740,25
5372_00_15,01:27:32,01:27:32,14377,26
5372_00_15,01:30:31,01:30:31,10744,27
5372_00_15,01:33:47,01:33:47,10745,28
5372_00_15,01:35:29,01:35:29,10746,29
5372_00_15,01:37:32,01:37:32,10747,30
5372_00_15,01:41:13,01:41:13,10748,31
5372_00_15,01:42:18,01:42:18,10749,32
5372_00_15,01:43:38,01:43:38,12543,33
5372_00_15,01:45:04,01:45:04,10750,34
5372_00_15,01:46:20,01:46:20,10751,35
5372_00_15,01:50:12,01:50:12,11370,36
5372_00_15,01:51:10,01:51:10,11371,37
5372_00_15,01:52:30,01:52:30,11372,38
5372_00_15,01:53:39,01:53:39,11373,39
5372_00_15,01:56:27,01:56:27,11374,40
5372_00_15,01:57:42,01:57:42,11375,41
5372_00_15,01:58:53,01:58:53,11376,42
5372_00_15,02:01:27,02:01:27,11377,43
5372_00_15,02:03:24,02:03:24,11378,44
5372_00_15,02:05:07,02:05:07,11379,45
5372_00_15,02:10:01,02:10:01,13475,46
5372_00_15,02:12:21,02:12:21,13476,47
5372_00_15,02:13:46,02:13:46,13477,48
5372_00_15,02:18:41,02:18:41,12663,49
5372_00_15,02:18:49,02:18:49,12302,50
5372_00_15,02:22:41,02:22:41,13479,51
5393_00_15,00:15:00,00:15:00,10617,0
5393_00_15,00:16:44,00:16:44,10618,1
5393_00_15,00:17:20,00:17:20,10300,2
5393_00_15,00:20:44,00:20:44,10302,3
5393_00_15,00:21:49,00:21:49,10303,4
5393_00_15,00:27:04,00:27:04,11024,5
5393_00_15,00:29:00,00:29:00,11025,6
5393_00_15,00:30:38,00:30:38,10321,7
5393_00_15,00:31:20,00:31:20,11331,8
5393_00_15,00:33:19,00:33:19,11332,9
5393_00_15,00:36:56,00:36:56,11333,10
5393_00_15,00:39:16,00:39:16,11334,11
5393_00_15,00:39:55,00:39:55,11335,12
5393_00_15,00:42:39,00:42:39,11336,13
5393_00_15,00:45:18,00:45:18,12975,14
5393_00_15,00:48:10,00:48:10,10476,15
5393_00_15,00:50:25,00:50:25,10477,16
5393_00_15,00:52:14,00:52:14,10478,17
5393_00_15,00:52:49,00:52:49,10479,18
5393_00_15,00:53:38,00:53:38,10480,19
5393_00_15,00:54:43,00:54:43,10689,20
5393_00_15,00:55:58,00:55:58,11513,21
5393_00_15,00:57:20,00:57:20,11514,22
5393_00_15,00:58:36,00:58:36,12080,23
5393_00_15,01:00:16,01:00:16,12081,24
5393_00_15,01:01:00,01:01:00,12082,25
5393_00_15,01:02:06,01:02:06,12083,26
5393_00_15,01:03:17,01:03:17,12084,27
5393_00_15,01:05:26,01:05:26,12448,28
5393_00_15,01:07:36,01:07:36,10744,29
5393_00_15,01:10:52,01:10:52,10745,30
5393_00_15,01:12:34,01:12:34,10746,31
5393_00_15,01:14:37,01:14:37,10747,32
5393_00_15,01:18:18,01:18:18,10748,33
5393_00_15,01:19:23,01:19:23,10749,34
5393_00_15,01:20:43,01:20:43,12543,35
5393_00_15,01:22:09,01:22:09,10750,36
5393_00_15,01:23:25,01:23:25,10751,37
5393_00_15,01:27:17,01:27:17,11370,38
5393_00_15,01:28:15,01:28:15,11371,39
5393_00_15,01:29:35,01:29:35,11372,40
5393_00_15,01:30:43,01:30:43,11373,41
5393_00_15,01:33:32,01:33:32,11374,42
5393_00_15,01:34:47,01:34:47,11375,43
5393_00_15,01:35:58,01:35:58,11376,44
5393_00_15,01:38:32,01:38:32,11377,45
5393_00_15,01:40:28,01:40:28,11378,46
5393_00_15,01:42:12,01:42:12,11379,47
5393_00_15,01:43:55,01:43:55,11380,48
5393_00_15,01:44:51,01:44:51,11381,49
5393_00_15,01:46:57,01:46:57,11382,50
5393_00_15,01:49:00,01:49:00,11383,51
5393_00_15,01:50:50,01:50:50,14046,52
5393_00_15,01:52:47,01:52:47,11385,53
5393_00_15,01:54:48,01:54:48,11386,54
5393_00_15,01:56:51,01:56:51,11387,55
5393_00_15,01:58:44,01:58:44,11388,56
5393_00_25,00:25:00,00:25:00,10617,0
5393_00_25,00:26:44,00:26:44,10618,1
5393_00_25,00:27:20,00:27:20,10300,2
5393_00_25,00:30:44,00:30:44,10302,3
5393_00_25,00:31:49,00:31:49,10303,4
5393_00_25,00:37:04,00:37:04,11024,5
5393_00_25,00:39:00,00:39:00,11025,6
5393_00_25,00:40:38,00:40:38,10321,7
5393_00_25,00:41:20,00:41:20,11331,8
5393_00_25,00:43:19,00:43:19,11332,9
5393_00_25,00:46:56,00:46:56,11333,10
5393_00_25,00:49:16,00:49:16,11334,11
5393_00_25,00:49:55,00:49:55,11335,12
5393_00_25,00:52:39,00:52:39,11336,13
5393_00_25,00:55:18,00:55:18,12975,14
5393_00_25,00:58:10,00:58:10,10476,15
5393_00_25,01:00:25,01:00:25,10477,16
5393_00_25,01:02:14,01:02:14,10478,17
5393_00_25,01:02:49,01:02:49,10479,18
5393_00_25,01:03:38,01:03:38,10480,19
5393_00_25,01:04:43,01:04:43,10689,20
5393_00_25,01:05:58,01:05:58,11513,21
5393_00_25,01:07:20,01:07:20,11514,22
5393_00_25,01:08:36,01:08:36,12080,23
5393_00_25,01:10:16,01:10:16,12081,24
5393_00_25,01:11:00,01:11:00,12082,25
5393_00_25,01:12:06,01:12:06,12083,26
5393_00_25,01:13:17,01:13:17,12084,27
5393_00_25,01:15:26,01:15:26,12448,28
5393_00_25,01:17:36,01:17:36,10744,29
5393_00_25,01:20:52,01:20:52,10745,30
5393_00_25,01:22:34,01:22:34,10746,31
5393_00_25,01:24:37,01:24:37,10747,32
5393_00_25,01:28:18,01:28:18,10748,33
5393_00_25,01:29:23,01:29:23,10749,34
5393_00_25,01:30:43,01:30:43,12543,35
5393_00_25,01:32:09,01:32:09,10750,36
5393_00_25,01:33:25,01:33:25,10751,37
5393_00_25,01:37:17,01:37:17,11370,38
5393_00_25,01:38:15,01:38:15,11371,39
5393_00_25,01:39:35,01:39:35,11372,40
5393_00_25,01:40:43,01:40:43,11373,41
5393_00_25,01:43:32,01:43:32,11374,42
5393_00_25,01:44:47,01:44:47,11375,43
5393_00_25,01:45:58,01:45:58,11376,44
5393_00_25,01:48:32,01:48:32,11377,45
5393_00_25,01:50:28,01:50:28,11378,46
5393_00_25,01:52:12,01:52:12,11379,47
5393_00_25,01:53:55,01:53:55,11380,48
5393_00_25,01:54:51,01:54:51,11381,49
5393_00_25,01:56:57,01:56:57,11382,50
5393_00_25,01:59:00,01:59:00,11383,51
5393_00_25,02:00:50,02:00:50,14046,52
5393_00_25,02:02:47,02:02:47,11385,53
5393_00_25,02:04:48,02:04:48,11386,54
5393_00_25,02:06:51,02:06:51,11387,55
5393_00_25,02:08:44,02:08:44,11388,56
5393_21_35,21:35:00,21:35:00,10617,0
5393_21_35,21:36:44,21:36:44,10618,1
5393_21_35,21:37:20,21:37:20,10300,2
5393_21_35,21:40:44,21:40:44,10302,3
5393_21_35,21:41:49,21:41:49,10303,4
5393_21_35,21:47:04,21:47:04,11024,5
5393_21_35,21:49:00,21:49:00,11025,6
5393_21_35,21:50:38,21:50:38,10321,7
5393_21_35,21:51:20,21:51:20,11331,8
5393_21_35,21:53:19,21:53:19,11332,9
5393_21_35,21:56:56,21:56:56,11333,10
5393_21_35,21:59:16,21:59:16,11334,11
5393_21_35,21:59:55,21:59:55,11335,12
5393_21_35,22:02:39,22:02:39,11336,13
5393_21_35,22:05:18,22:05:18,12975,14
5393_21_35,22:08:10,22:08:10,10476,15
5393_21_35,22:10:25,22:10:25,10477,16
5393_21_35,22:12:14,22:12:14,10478,17
5393_21_35,22:12:49,22:12:49,10479,18
5393_21_35,22:13:38,22:13:38,10480,19
5393_21_35,22:14:43,22:14:43,10689,20
5393_21_35,22:15:58,22:15:58,11513,21
5393_21_35,22:17:20,22:17:20,11514,22
5393_21_35,22:18:36,22:18:36,12080,23
5393_21_35,22:20:16,22:20:16,12081,24
5393_21_35,22:21:00,22:21:00,12082,25
5393_21_35,22:22:06,22:22:06,12083,26
5393_21_35,22:23:17,22:23:17,12084,27
5393_21_35,22:25:26,22:25:26,12448,28
5393_21_35,22:27:36,22:27:36,10744,29
5393_21_35,22:30:52,22:30:52,10745,30
5393_21_35,22:32:34,22:32:34,10746,31
5393_21_35,22:34:37,22:34:37,10747,32
5393_21_35,22:38:18,22:38:18,10748,33
5393_21_35,22:39:23,22:39:23,10749,34
5393_21_35,22:40:43,22:40:43,12543,35
5393_21_35,22:42:09,22:42:09,10750,36
5393_21_35,22:43:25,22:43:25,10751,37
5393_21_35,22:47:17,22:47:17,11370,38
5393_21_35,22:48:15,22:48:15,11371,39
5393_21_35,22:49:35,22:49:35,11372,40
5393_21_35,22:50:43,22:50:43,11373,41
5393_21_35,22:53:32,22:53:32,11374,42
5393_21_35,22:54:47,22:54:47,11375,43
5393_21_35,22:55:58,22:55:58,11376,44
5393_21_35,22:58:32,22:58:32,11377,45
5393_21_35,23:00:28,23:00:28,11378,46
5393_21_35,23:02:12,23:02:12,11379,47
5393_21_35,23:03:55,23:03:55,11380,48
5393_21_35,23:04:51,23:04:51,11381,49
5393_21_35,23:06:57,23:06:57,11382,50
5393_21_35,23:09:00,23:09:00,11383,51
5393_21_35,23:10:50,23:10:50,14046,52
5393_21_35,23:12:47,23:12:47,11385,53
5393_21_35,23:14:48,23:14:48,11386,54
5393_21_35,23:16:51,23:16:51,11387,55
5393_21_35,23:18:44,23:18:44,11388,56
5393_23_05,23:05:00,23:05:00,10617,0
5393_23_05,23:06:44,23:06:44,10618,1
5393_23_05,23:07:20,23:07:20,10300,2
5393_23_05,23:10:44,23:10:44,10302,3
5393_23_05,23:11:49,23:11:49,10303,4
5393_23_05,23:17:04,23:17:04,11024,5
5393_23_05,23:19:00,23:19:00,11025,6
5393_23_05,23:20:38,23:20:38,10321,7
5393_23_05,23:21:20,23:21:20,11331,8
5393_23_05,23:23:19,23:23:19,11332,9
5393_23_05,23:26:56,23:26:56,11333,10
5393_23_05,23:29:16,23:29:16,11334,11
5393_23_05,23:29:55,23:29:55,11335,12
5393_23_05,23:32:39,23:32:39,11336,13
5393_23_05,23:35:18,23:35:18,12975,14
5393_23_05,23:38:10,23:38:10,10476,15
5393_23_05,23:40:25,23:40:25,10477,16
5393_23_05,23:42:14,23:42:14,10478,17
5393_23_05,23:42:49,23:42:49,10479,18
5393_23_05,23:43:38,23:43:38,10480,19
5393_23_05,23:44:43,23:44:43,10689,20
5393_23_05,23:45:58,23:45:58,11513,21
5393_23_05,23:47:20,23:47:20,11514,22
5393_23_05,23:48:36,23:48:36,12080,23
5393_23_05,23:50:16,23:50:16,12081,24
5393_23_05,23:51:00,23:51:00,12082,25
5393_23_05,23:52:06,23:52:06,12083,26
5393_23_05,23:53:17,23:53:17,12084,27
5393_23_05,23:55:26,23:55:26,12448,28
5393_23_05,23:57:36,23:57:36,10744,29
5393_23_05,24:00:52,24:00:52,10745,30
5393_23_05,24:02:34,24:02:34,10746,31
5393_23_05,24:04:37,24:04:37,10747,32
5393_23_05,24:08:18,24:08:18,10748,33
5393_23_05,24:09:23,24:09:23,10749,34
5393_23_05,24:10:43,24:10:43,12543,35
5393_23_05,24:12:09,24:12:09,10750,36
5393_23_05,24:13:25,24:13:25,10751,37
5393_23_05,24:17:17,24:17:17,11370,38
5393_23_05,24:18:15,24:18:15,11371,39
5393_23_05,24:19:35,24:19:35,11372,40
5393_23_05,24:20:43,24:20:43,11373,41
5393_23_05,24:23:32,24:23:32,11374,42
5393_23_05,24:24:47,24:24:47,11375,43
5393_23_05,24:25:58,24:25:58,11376,44
5393_23_05,24:28:32,24:28:32,11377,45
5393_23_05,24:30:28,24:30:28,11378,46
5393_23_05,24:32:12,24:32:12,11379,47
5393_23_05,24:33:55,24:33:55,11380,48
5393_23_05,24:34:51,24:34:51,11381,49
5393_23_05,24:36:57,24:36:57,11382,50
5393_23_05,24:39:00,24:39:00,11383,51
5393_23_05,24:40:50,24:40:50,14046,52
5393_23_05,24:42:47,24:42:47,11385,53
5393_23_05,24:44:48,24:44:48,11386,54
5393_23_05,24:46:51,24:46:51,11387,55
5393_23_05,24:48:44,24:48:44,11388,56
5393_23_15,23:15:00,23:15:00,10617,0
5393_23_15,23:16:44,23:16:44,10618,1
5393_23_15,23:17:20,23:17:20,10300,2
5393_23_15,23:20:44,23:20:44,10302,3
5393_23_15,23:21:49,23:21:49,10303,4
5393_23_15,23:27:04,23:27:04,11024,5
5393_23_15,23:29:00,23:29:00,11025,6
5393_23_15,23:30:38,23:30:38,10321,7
5393_23_15,23:31:20,23:31:20,11331,8
5393_23_15,23:33:19,23:33:19,11332,9
5393_23_15,23:36:56,23:36:56,11333,10
5393_23_15,23:39:16,23:39:16,11334,11
5393_23_15,23:39:55,23:39:55,11335,12
5393_23_15,23:42:39,23:42:39,11336,13
5393_23_15,23:45:18,23:45:18,12975,14
5393_23_15,23:48:10,23:48:10,10476,15
5393_23_15,23:50:25,23:50:25,10477,16
5393_23_15,23:52:14,23:52:14,10478,17
5393_23_15,23:52:49,23:52:49,10479,18
5393_23_15,23:53:38,23:53:38,10480,19
5393_23_15,23:54:43,23:54:43,10689,20
5393_23_15,23:55:58,23:55:58,11513,21
5393_23_15,23:57:20,23:57:20,11514,22
5393_23_15,23:58:36,23:58:36,12080,23
5393_23_15,24:00:16,24:00:16,12081,24
5393_23_15,24:01:00,24:01:00,12082,25
5393_23_15,24:02:06,24:02:06,12083,26
5393_23_15,24:03:17,24:03:17,12084,27
5393_23_15,24:05:26,24:05:26,12448,28
5393_23_15,24:07:36,24:07:36,10744,29
5393_23_15,24:10:52,24:10:52,10745,30
5393_23_15,24:12:34,24:12:34,10746,31
5393_23_15,24:14:37,24:14:37,10747,32
5393_23_15,24:18:18,24:18:18,10748,33
5393_23_15,24:19:23,24:19:23,10749,34
5393_23_15,24:20:43,24:20:43,12543,35
5393_23_15,24:22:09,24:22:09,10750,36
5393_23_15,24:23:25,24:23:25,10751,37
5393_23_15,24:27:17,24:27:17,11370,38
5393_23_15,24:28:15,24:28:15,11371,39
5393_23_15,24:29:35,24:29:35,11372,40
5393_23_15,24:30:43,24:30:43,11373,41
5393_23_15,24:33:32,24:33:32,11374,42
5393_23_15,24:34:47,24:34:47,11375,43
5393_23_15,24:35:58,24:35:58,11376,44
5393_23_15,24:38:32,24:38:32,11377,45
5393_23_15,24:40:28,24:40:28,11378,46
5393_23_15,24:42:12,24:42:12,11379,47
5393_23_15,24:43:55,24:43:55,11380,48
5393_23_15,24:44:51,24:44:51,11381,49
5393_23_15,24:46:57,24:46:57,11382,50
5393_23_15,24:49:00,24:49:00,11383,51
5393_23_15,24:50:50,24:50:50,14046,52
5393_23_15,24:52:47,24:52:47,11385,53
5393_23_15,24:54:48,24:54:48,11386,54
5393_23_15,24:56:51,24:56:51,11387,55
5393_23_15,24:58:44,24:58:44,11388,56